-- MySQL dump 10.13  Distrib 8.0.35, for Linux (x86_64)
--
-- Host: localhost    Database: tienda_autos
-- ------------------------------------------------------
-- Server version	8.0.35-0ubuntu0.20.04.1

/*!40101 SET @OLD_CHARACTER_SET_CLIENT=@@CHARACTER_SET_CLIENT */;
/*!40101 SET @OLD_CHARACTER_SET_RESULTS=@@CHARACTER_SET_RESULTS */;
/*!40101 SET @OLD_COLLATION_CONNECTION=@@COLLATION_CONNECTION */;
/*!50503 SET NAMES utf8mb4 */;
/*!40103 SET @OLD_TIME_ZONE=@@TIME_ZONE */;
/*!40103 SET TIME_ZONE='+00:00' */;
/*!40014 SET @OLD_UNIQUE_CHECKS=@@UNIQUE_CHECKS, UNIQUE_CHECKS=0 */;
/*!40014 SET @OLD_FOREIGN_KEY_CHECKS=@@FOREIGN_KEY_CHECKS, FOREIGN_KEY_CHECKS=0 */;
/*!40101 SET @OLD_SQL_MODE=@@SQL_MODE, SQL_MODE='NO_AUTO_VALUE_ON_ZERO' */;
/*!40111 SET @OLD_SQL_NOTES=@@SQL_NOTES, SQL_NOTES=0 */;

--
-- Table structure for table `carrito`
--

DROP TABLE IF EXISTS `carrito`;
/*!40101 SET @saved_cs_client     = @@character_set_client */;
/*!50503 SET character_set_client = utf8mb4 */;
CREATE TABLE `carrito` (
  `id_carrito` int NOT NULL AUTO_INCREMENT,
  `id_usuario` int NOT NULL,
  `fecha` date DEFAULT NULL,
  PRIMARY KEY (`id_carrito`)
) ENGINE=InnoDB AUTO_INCREMENT=5 DEFAULT CHARSET=utf8mb4 COLLATE=utf8mb4_0900_ai_ci;
/*!40101 SET character_set_client = @saved_cs_client */;

--
-- Dumping data for table `carrito`
--

LOCK TABLES `carrito` WRITE;
/*!40000 ALTER TABLE `carrito` DISABLE KEYS */;
INSERT INTO `carrito` VALUES (3,10,'2023-12-01'),(4,1,NULL);
/*!40000 ALTER TABLE `carrito` ENABLE KEYS */;
UNLOCK TABLES;

--
-- Table structure for table `carrito_detalle`
--

DROP TABLE IF EXISTS `carrito_detalle`;
/*!40101 SET @saved_cs_client     = @@character_set_client */;
/*!50503 SET character_set_client = utf8mb4 */;
CREATE TABLE `carrito_detalle` (
  `id_carrito` int NOT NULL,
  `id_producto` int NOT NULL,
  `cantidad` int NOT NULL,
  `id_carrito_detalle` int NOT NULL AUTO_INCREMENT,
  PRIMARY KEY (`id_carrito_detalle`)
) ENGINE=InnoDB AUTO_INCREMENT=16 DEFAULT CHARSET=utf8mb4 COLLATE=utf8mb4_0900_ai_ci;
/*!40101 SET character_set_client = @saved_cs_client */;

--
-- Dumping data for table `carrito_detalle`
--

LOCK TABLES `carrito_detalle` WRITE;
/*!40000 ALTER TABLE `carrito_detalle` DISABLE KEYS */;
INSERT INTO `carrito_detalle` VALUES (3,10,13,12),(3,1,3,13),(3,3,7,14),(3,6,1,15);
/*!40000 ALTER TABLE `carrito_detalle` ENABLE KEYS */;
UNLOCK TABLES;

--
-- Table structure for table `categoria`
--

DROP TABLE IF EXISTS `categoria`;
/*!40101 SET @saved_cs_client     = @@character_set_client */;
/*!50503 SET character_set_client = utf8mb4 */;
CREATE TABLE `categoria` (
  `id_categoria` int NOT NULL AUTO_INCREMENT,
  `nombre` varchar(100) NOT NULL,
  PRIMARY KEY (`id_categoria`)
) ENGINE=InnoDB AUTO_INCREMENT=9 DEFAULT CHARSET=utf8mb4 COLLATE=utf8mb4_0900_ai_ci;
/*!40101 SET character_set_client = @saved_cs_client */;

--
-- Dumping data for table `categoria`
--

LOCK TABLES `categoria` WRITE;
/*!40000 ALTER TABLE `categoria` DISABLE KEYS */;
INSERT INTO `categoria` VALUES (1,'Construccion'),(2,'Control Remoto'),(3,'Mario Kart'),(5,'Coleccionista');
/*!40000 ALTER TABLE `categoria` ENABLE KEYS */;
UNLOCK TABLES;

--
-- Table structure for table `colonia`
--

DROP TABLE IF EXISTS `colonia`;
/*!40101 SET @saved_cs_client     = @@character_set_client */;
/*!50503 SET character_set_client = utf8mb4 */;
CREATE TABLE `colonia` (
  `id_colonia` int NOT NULL AUTO_INCREMENT,
  `id_localidad` int NOT NULL,
  `nombre` varchar(100) NOT NULL,
  `codigo_postal` varchar(5) DEFAULT NULL,
  PRIMARY KEY (`id_colonia`)
) ENGINE=InnoDB AUTO_INCREMENT=872 DEFAULT CHARSET=utf8mb4 COLLATE=utf8mb4_0900_ai_ci;
/*!40101 SET character_set_client = @saved_cs_client */;

--
-- Dumping data for table `colonia`
--

LOCK TABLES `colonia` WRITE;
/*!40000 ALTER TABLE `colonia` DISABLE KEYS */;
INSERT INTO `colonia` VALUES (437,1,'10 de Abril','38018'),(438,1,'15 de Mayo','38015'),(439,1,'3 Guerras','38080'),(440,1,'Aeropuerto Celaya','38119'),(441,1,'Alameda','38050'),(442,1,'Álamo Country Club','38113'),(443,1,'Álamos','38024'),(444,1,'Álamos Oriente','38024'),(445,1,'Alfredo Vázquez Bonfil','38010'),(446,1,'Alteza Residencial','38115'),(447,1,'Américas del Bajío','38014'),(448,1,'Ampliación Emiliano Zapata','38035'),(449,1,'Ancona','38115'),(450,1,'Arboledas de Camargo','38010'),(451,1,'Arboledas de San Rafael','38099'),(452,1,'Arboledas del Campestre','38080'),(453,1,'Arboledas del Pedregal','38090'),(454,1,'Arcada Alameda','38057'),(455,1,'Arreguín de Abajo','38094'),(456,1,'Arroyo','38152'),(457,1,'Benito Juárez','38030'),(458,1,'Bonanza','38090'),(459,1,'Bosques de Chapultepec','38060'),(460,1,'Bosques de la Alameda','38033'),(461,1,'Bosques del Sol','38097'),(462,1,'Brisas del Carmen','38035'),(463,1,'Brisas del Valle','38035'),(464,1,'Bugambilias','38020'),(465,1,'Calesa','38016'),(466,1,'Calquetzani','38096'),(467,1,'Camargo','38010'),(468,1,'Camino Real','38115'),(469,1,'Campestre Celaya','38080'),(470,1,'Canal de Camargo','38010'),(471,1,'Canal de Labradores','38017'),(472,1,'Canoas (Congregación de Canoas)','38156'),(473,1,'Capitales de Europa','38079'),(474,1,'Casco Viejo','38019'),(475,1,'CEDEI','38115'),(476,1,'Celaya Centro','38000'),(477,1,'Centro Residencial Celaya','38060'),(478,1,'Cerrada del Sol','38048'),(479,1,'Ciudad Industrial','38010'),(480,1,'Ciudadela','38017'),(481,1,'Claustros de Arboledas','38060'),(482,1,'Conjunto Habitacional Girasoles','38020'),(483,1,'Contituyentes','38090'),(484,1,'Cuauhtémoc','38034'),(485,1,'Del Bosque','38085'),(486,1,'Del Bosque','38028'),(487,1,'Del Parque','38010'),(488,1,'Del Valle','38048'),(489,1,'Don Gu','38016'),(490,1,'Dos Plazas','38017'),(491,1,'Ejidal','38098'),(492,1,'Ejido de Silva (San Isidro)','38126'),(493,1,'El Atrio','38013'),(494,1,'El Becerro (Santos Degollado)','38117'),(495,1,'El Campanario','38013'),(496,1,'El Campanario Residencial','38013'),(497,1,'El Cantar','38097'),(498,1,'El Cuije','38143'),(499,1,'El Diamante de la Virgen','38110'),(500,1,'El Dorado','38079'),(501,1,'El Haba','38028'),(502,1,'El Junco Residencial','38020'),(503,1,'El Molino','38079'),(504,1,'El Olivar','38078'),(505,1,'El Panamericano','38020'),(506,1,'El Paraíso de los Ángeles','38017'),(507,1,'El Puente','38116'),(508,1,'El Puesto','38144'),(509,1,'El Sauz (El Sauz de Villaseñor)','38159'),(510,1,'El Sillar','38033'),(511,1,'El Vergel','38078'),(512,1,'El Zapote','38057'),(513,1,'Emeteria Valencia','38070'),(514,1,'Emiliano Zapata','38030'),(515,1,'Emiliano Zapata Sur','38033'),(516,1,'Enrique Colunga','38060'),(517,1,'Entorno Residencial','38115'),(518,1,'Esmeralda','38065'),(519,1,'Estrada','38115'),(520,1,'Ex-Hacienda de Trojes','38086'),(521,1,'Exelaris','38033'),(522,1,'Felipe Ángeles','38099'),(523,1,'Ferropuerto del Bajío','38159'),(524,1,'Floresta del Sur','38090'),(525,1,'FOVISSSTE','38010'),(526,1,'Galaxias del Parque','38016'),(527,1,'Gasca','38125'),(528,1,'Geo Villas Los Sauces','38016'),(529,1,'Gobernadores','38035'),(530,1,'Gran Clase','38018'),(531,1,'Gran Hacienda','38115'),(532,1,'Granada','38046'),(533,1,'Guadalupe','38017'),(534,1,'Guadalupe','38130'),(535,1,'Guanajuato','38010'),(536,1,'Hacienda del Bosque','38028'),(537,1,'Hacienda del Rincón','38155'),(538,1,'Hacienda del Sol','38013'),(539,1,'Hacienda Las Palmas','38057'),(540,1,'Haciendas Natura','38115'),(541,1,'Hidalgo','38020'),(542,1,'Imperial','38028'),(543,1,'IMSS','38060'),(544,1,'Independencia','38096'),(545,1,'Industrial El Vergel','38116'),(546,1,'Industriales','38010'),(547,1,'Jacarandas','38090'),(548,1,'Jardines de Celaya 1a Secc','38080'),(549,1,'Jardines de Celaya 2a Secc','38080'),(550,1,'Jardines de Celaya 3a Secc','38080'),(551,1,'Jardines del Centro','38068'),(552,1,'Jardines del Malecón','38085'),(553,1,'Jardines del Sur','38080'),(554,1,'Jáuregui','38135'),(555,1,'Jofre','38144'),(556,1,'José Pérez (Hoyos de Arena)','38110'),(557,1,'José Suárez Irigoyen','38090'),(558,1,'Juan Martín','38146'),(559,1,'Juan Pablo II','38037'),(560,1,'Karina','38057'),(561,1,'Kiara Residencial','38096'),(562,1,'kinn Residencial','38035'),(563,1,'La Arbolada Celaya','38017'),(564,1,'La Aurora','38079'),(565,1,'La Aurora','38100'),(566,1,'La Aurora','38020'),(567,1,'La Campiña','38018'),(568,1,'La Cantera','38115'),(569,1,'La Capilla','38013'),(570,1,'La Concepción','38123'),(571,1,'La Concordia','38110'),(572,1,'La Cruz','38144'),(573,1,'La Cruz','38152'),(574,1,'La Cruz','38028'),(575,1,'La Escondida','38010'),(576,1,'La Esperanza','38028'),(577,1,'La Esperanza de Yustis (Los Martínez)','38110'),(578,1,'La Favorita','38033'),(579,1,'La Fundación','38057'),(580,1,'La Granja','38144'),(581,1,'La Herradura','38036'),(582,1,'La Joya','38040'),(583,1,'La Laja','38136'),(584,1,'La Luz','38143'),(585,1,'La Machuca','38147'),(586,1,'La Máquina','38144'),(587,1,'La Misión','38015'),(588,1,'La Palmita (La Palmita de San Gabriel)','38116'),(589,1,'La Purísima','38015'),(590,1,'La Resurrección','38155'),(591,1,'La Rinconada de San Miguel','38035'),(592,1,'La Soledad','38090'),(593,1,'La Toscana Residencial','38097'),(594,1,'La Trinidad','38020'),(595,1,'La Trinidad','38134'),(596,1,'La Trinidad (El Rifle)','38125'),(597,1,'Las Alamedas','38057'),(598,1,'Las Americas','38079'),(599,1,'Las Américas','38014'),(600,1,'Las Arboledas','38060'),(601,1,'Las Arenas','38035'),(602,1,'Las Aves','38017'),(603,1,'Las Brisas','38010'),(604,1,'Las Carretas','38080'),(605,1,'Las Casas','38013'),(606,1,'Las Compuertas del Campestre','38088'),(607,1,'Las Delicias','38080'),(608,1,'Las Flores','38090'),(609,1,'Las Fuentes','38040'),(610,1,'Las Huertas','38115'),(611,1,'Las Insurgentes','38080'),(612,1,'Las Palmas','38114'),(613,1,'Latinoamericana','38015'),(614,1,'Lázaro Cárdenas','38017'),(615,1,'Lindavista','38010'),(616,1,'Lombardía','38115'),(617,1,'López Portillo','38033'),(618,1,'Los Aguirre','38125'),(619,1,'Los Ángeles','38040'),(620,1,'Los Capulines','38133'),(621,1,'Los Establos (Los Arenales)','38130'),(622,1,'Los Frailes','38090'),(623,1,'Los Fresnos','38063'),(624,1,'Los Galvanes','38133'),(625,1,'Los Huesos','38157'),(626,1,'Los Impresionistas','38046'),(627,1,'Los Lagos','38060'),(628,1,'Los Laureles','38020'),(629,1,'Los Mancera','38144'),(630,1,'Los Mezquites','38115'),(631,1,'Los Naranjos','38013'),(632,1,'Los Olivos Residencial','38037'),(633,1,'Los Pinos','38028'),(634,1,'Los Pirules','38036'),(635,1,'Los Pirules','38050'),(636,1,'Los Portones','38057'),(637,1,'Los Santos','38035'),(638,1,'Los Sauces','38027'),(639,1,'Los Tres Puentes','38105'),(640,1,'Los Tules','38034'),(641,1,'Los Veintes','38050'),(642,1,'Luis Donaldo Colosio','38134'),(643,1,'Magno Residencial','38088'),(644,1,'Maquiladora de Uniformes','38140'),(645,1,'Mediterráneo','38057'),(646,1,'México','38010'),(647,1,'Michinelas','38094'),(648,1,'Miguel Alemán','38068'),(649,1,'Misión de La Esperanza','38036'),(650,1,'Misión San Diego','38085'),(651,1,'Misión Santa Fe','38035'),(652,1,'Moctezuma','38035'),(653,1,'Monte Blanco','38099'),(654,1,'Monte Grande','38143'),(655,1,'Moradas de Silva','38037'),(656,1,'Nat Tha Hi','38035'),(657,1,'Nueva Terraza','38018'),(658,1,'Nuevo Celaya','38027'),(659,1,'Nuevo México','38159'),(660,1,'Nuevo Porvenir (El Pujido)','38158'),(661,1,'Nuevo Tecnológico','38010'),(662,1,'Obrero Mundial','38080'),(663,1,'Ojo Seco','38159'),(664,1,'Onzze Madera','38115'),(665,1,'Oro','38015'),(666,1,'Palas Atenea','38000'),(667,1,'Palma Mallorca','38115'),(668,1,'Palma Real','38080'),(669,1,'Parque Central','38050'),(670,1,'Parque Industrial Buena Opción','38116'),(671,1,'Parque Industrial Celanese','38144'),(672,1,'Parque Tabachines','38115'),(673,1,'Parque Verde','38035'),(674,1,'Partidas (San Juan de Partidas)','38144'),(675,1,'Paseo Floresta','38078'),(676,1,'Paseos del Campestre','38080'),(677,1,'Paseos Privanza','38037'),(678,1,'Patria Nueva','38115'),(679,1,'Pedregal de San Ángel','38027'),(680,1,'Pedregal del Junco','38020'),(681,1,'Pedro María Anaya','38115'),(682,1,'Plancarte','38120'),(683,1,'Plaza Alamedas','38057'),(684,1,'Porta Maggiore','38018'),(685,1,'Porto Real','38037'),(686,1,'Portones de la Hacienda','38063'),(687,1,'Praderas de La Hacienda','38019'),(688,1,'Praderas de Santa Julia','38018'),(689,1,'Praderas de Santa Lucía','38018'),(690,1,'Praderas del Bosque','38033'),(691,1,'Prados el Naranjal','38016'),(692,1,'Presa Blanca','38104'),(693,1,'Primera Fracción de Crespo (El Molino)','38067'),(694,1,'Primera Fracción de Crespo (El Tanque)','38060'),(695,1,'Privada Ciruelo','38020'),(696,1,'Privada del Pedregal','38016'),(697,1,'Privada del Real','38018'),(698,1,'Privada el Sauz','38016'),(699,1,'Privada La Toscana','38097'),(700,1,'Progreso Solidaridad','38085'),(701,1,'Providencia','38020'),(702,1,'Puerta del Monte (Elguera)','38114'),(703,1,'Puerta Grande','38020'),(704,1,'Puerta Poniente','38115'),(705,1,'Puertas de Santa María','38010'),(706,1,'Puertas del Sol','38037'),(707,1,'Puesta del Sol','38016'),(708,1,'Puntarena Residencial','38085'),(709,1,'Quinta Arboledas','38098'),(710,1,'Quinta Boulevard','38078'),(711,1,'Quinta Bugambilias','38060'),(712,1,'Quinta Los Arrayanes','38095'),(713,1,'Quinta Santa María','38010'),(714,1,'Quintas Campo Real','38019'),(715,1,'Rancho Pinto','38080'),(716,1,'Rancho Seco','38090'),(717,1,'Raquet Club Cross','38015'),(718,1,'Real de Arboledas','38060'),(719,1,'Real de Celaya','38010'),(720,1,'Real de San Antonio','38015'),(721,1,'Real del Campestre','38080'),(722,1,'Recursos Hidráulicos','38030'),(723,1,'Reforma','38090'),(724,1,'Reforma','38013'),(725,1,'Renacimiento','38060'),(726,1,'Residencial Alameda','38057'),(727,1,'Residencial Arboledas','38060'),(728,1,'Residencial Campo Azúl','38096'),(729,1,'Residencial Fontana','38115'),(730,1,'Residencial Las Margaritas','38090'),(731,1,'Residencial Las Praderas','38016'),(732,1,'Residencial Las Quintas','38035'),(733,1,'Residencial Magnolia','38080'),(734,1,'Residencial Palmas','38057'),(735,1,'Residencial Paraíso','38020'),(736,1,'Residencial Puerta de Piedra','38115'),(737,1,'Residencial San Pablo','38020'),(738,1,'Residencial Santiago','38020'),(739,1,'Residencial Tecnológico','38010'),(740,1,'Residencial Xochipilli','38020'),(741,1,'Residencias Hacienda de Muñiz','38017'),(742,1,'Resurrección','38079'),(743,1,'Resurrección','38079'),(744,1,'Revolución','38096'),(745,1,'Rincón de Cantarranas','38013'),(746,1,'Rincón de Tamayo Centro','38150'),(747,1,'Rinconada del Bosque','38013'),(748,1,'Rinconada Laureles','38020'),(749,1,'Rinconada Los Álamos','38024'),(750,1,'Rinconada San Jorge','38090'),(751,1,'Rinconadas Arboledas','38060'),(752,1,'Riveras del Campestre','38080'),(753,1,'Roque','38124'),(754,1,'Roque (ITA)','38124'),(755,1,'Rosalinda','38060'),(756,1,'San Andrés','38010'),(757,1,'San Antonio','38048'),(758,1,'San Antonio','38010'),(759,1,'San Antonio Espinoza','38104'),(760,1,'San Antonio Gallardo','38100'),(761,1,'San Cayetano','38123'),(762,1,'San Elías','38106'),(763,1,'San Francisco','38144'),(764,1,'San Francisco','38150'),(765,1,'San Francisco','38097'),(766,1,'San Gabriel','38013'),(767,1,'San Gabriel','38097'),(768,1,'San Isidro Crespo','38116'),(769,1,'San Isidro de Elguera','38110'),(770,1,'San Isidro de la Concepción','38104'),(771,1,'San Isidro de Trojes','38086'),(772,1,'San Isidro del Palmar','38158'),(773,1,'San Isidro del Refugio (El Tajo)','38143'),(774,1,'San José de Guanajuato','38114'),(775,1,'San José de la Presa','38137'),(776,1,'San José de Mendoza','38100'),(777,1,'San José de Torres','38085'),(778,1,'San José el Nuevo','38147'),(779,1,'San Juan','38153'),(780,1,'San Juan','38065'),(781,1,'San Juan de Dios','38070'),(782,1,'San Juan de La Vega','38100'),(783,1,'San Juanico','38020'),(784,1,'San Juanico 1a Secc','38027'),(785,1,'San Juanico 2a Secc','38027'),(786,1,'San Lorenzo','38136'),(787,1,'San Lorenzo','38145'),(788,1,'San Luis Rey','38127'),(789,1,'San Marcos','38154'),(790,1,'San Martín de Camargo','38010'),(791,1,'San Miguel','38068'),(792,1,'San Miguel Octopan','38130'),(793,1,'San Nicolás Esquiros','38105'),(794,1,'San Rafael','38099'),(795,1,'San Rafael de Yustis (Loretío)','38126'),(796,1,'Santa Anita','38144'),(797,1,'Santa Anita','38040'),(798,1,'Santa Anita','38020'),(799,1,'Santa Bárbara','38090'),(800,1,'Santa Cecilia','38096'),(801,1,'Santa Cecilia','38024'),(802,1,'Santa Fe de los Naranjos','38013'),(803,1,'Santa Isabel','38090'),(804,1,'Santa Lucia','38097'),(805,1,'Santa María','38010'),(806,1,'Santa María','38090'),(807,1,'Santa María del Refugio','38140'),(808,1,'Santa Rita','38035'),(809,1,'Santa Rita','38134'),(810,1,'Santa Rosa de Lima','38157'),(811,1,'Santa Teresa','38080'),(812,1,'Santa Teresa','38106'),(813,1,'Santiago de la Cruz','38096'),(814,1,'Santiaguito','38047'),(815,1,'Santo Cristo','38046'),(816,1,'Segunda de Estrada (San Pablo)','38115'),(817,1,'Segunda Fracción de Crespo','38110'),(818,1,'Segunda Fracción de Crespo (Alto del Parral)','38116'),(819,1,'Senda Real','38115'),(820,1,'Sienna Residencial','38096'),(821,1,'Suiza','38060'),(822,1,'Tahi','38017'),(823,1,'Tecnológico de Monterrey','38115'),(824,1,'Tenería de Valdez','38115'),(825,1,'Tenería del Santuario','38120'),(826,1,'Terra Residencial','38115'),(827,1,'Tierra Blanca','38090'),(828,1,'Tierra y Libertad','38030'),(829,1,'Tierras Negras','38048'),(830,1,'Universidad de Guanajuato','38096'),(831,1,'Valle de La Primavera','38098'),(832,1,'Valle de los Naranjos II Sección','38016'),(833,1,'Valle de los Naranjos III Sección','38016'),(834,1,'Valle del Real','38024'),(835,1,'Valle Hermoso','38010'),(836,1,'Valle Naranjos','38013'),(837,1,'Valle Residencial los Girasoles','38020'),(838,1,'Ventanales de Santa María','38010'),(839,1,'Villa Arbolada','38016'),(840,1,'Villa de Celaya','38080'),(841,1,'Villa de los Álamos','38024'),(842,1,'Villa de Los Arcos','38096'),(843,1,'Villa de los Reyes','38057'),(844,1,'Villa Jardín','38035'),(845,1,'Villa Natura','38115'),(846,1,'Villas Casablanca','38024'),(847,1,'Villas de Benavente','38034'),(848,1,'Villas de Benavente II','38035'),(849,1,'Villas de Celaya Residencial','38078'),(850,1,'Villas de Elguera','38114'),(851,1,'Villas de La Esperanza','38028'),(852,1,'Villas de La Hacienda','38015'),(853,1,'Villas de Roque (La Ladrillera)','38126'),(854,1,'Villas de Santa Rita','38114'),(855,1,'Villas del Bajío','38016'),(856,1,'Villas del Palmar','38018'),(857,1,'Villas del Paraíso','38040'),(858,1,'Villas del Rocío','38070'),(859,1,'Villas del Romeral','38095'),(860,1,'Villas del Tenis','38080'),(861,1,'Villas Quetzal','38078'),(862,1,'Villas Reales','38034'),(863,1,'Villas San Ángel','38040'),(864,1,'Villas Vicenza','38033'),(865,1,'Viñas de La Herradura','38036'),(866,1,'Virgen del Refugio','38013'),(867,1,'Yustis (San José de Yustis)','38110'),(868,1,'Zempoala','38050'),(869,1,'Zona de Oro','38020'),(870,1,'Zona de Oro del Bajío','38015'),(871,1,'Zona Industrial Poniente','38024');
/*!40000 ALTER TABLE `colonia` ENABLE KEYS */;
UNLOCK TABLES;

--
-- Table structure for table `cupon`
--

DROP TABLE IF EXISTS `cupon`;
/*!40101 SET @saved_cs_client     = @@character_set_client */;
/*!50503 SET character_set_client = utf8mb4 */;
CREATE TABLE `cupon` (
  `id_cupon` int NOT NULL AUTO_INCREMENT,
  `fecha` date NOT NULL,
  `codigo` varchar(20) NOT NULL,
  `descuento` int NOT NULL,
  `limite` int DEFAULT NULL,
  PRIMARY KEY (`id_cupon`)
) ENGINE=InnoDB AUTO_INCREMENT=6 DEFAULT CHARSET=utf8mb4 COLLATE=utf8mb4_0900_ai_ci;
/*!40101 SET character_set_client = @saved_cs_client */;

--
-- Dumping data for table `cupon`
--

LOCK TABLES `cupon` WRITE;
/*!40000 ALTER TABLE `cupon` DISABLE KEYS */;
INSERT INTO `cupon` VALUES (1,'2023-11-20','CUP30',30,20),(2,'2023-11-30','NO40',40,40),(3,'2023-11-20','NNN',20,40),(4,'2023-11-20','BBB',20,10);
/*!40000 ALTER TABLE `cupon` ENABLE KEYS */;
UNLOCK TABLES;

--
-- Table structure for table `direccion`
--

DROP TABLE IF EXISTS `direccion`;
/*!40101 SET @saved_cs_client     = @@character_set_client */;
/*!50503 SET character_set_client = utf8mb4 */;
CREATE TABLE `direccion` (
  `id_direccion` int NOT NULL AUTO_INCREMENT,
  `id_usuario` int NOT NULL,
  `id_colonia` int NOT NULL,
  `calle` varchar(100) NOT NULL,
  `num_ext` varchar(15) NOT NULL,
  `num_int` varchar(15) DEFAULT NULL,
  `calle1` varchar(100) DEFAULT NULL,
  `calle2` varchar(100) DEFAULT NULL,
  `telefono` varchar(10) NOT NULL,
  PRIMARY KEY (`id_direccion`)
) ENGINE=InnoDB AUTO_INCREMENT=7 DEFAULT CHARSET=utf8mb4 COLLATE=utf8mb4_0900_ai_ci;
/*!40101 SET character_set_client = @saved_cs_client */;

--
-- Dumping data for table `direccion`
--

LOCK TABLES `direccion` WRITE;
/*!40000 ALTER TABLE `direccion` DISABLE KEYS */;
INSERT INTO `direccion` VALUES (1,1,744,'Granada','111A','','Anis','Avena','1234567891'),(3,1,842,'Granada','111A','','Anis','Avena','0987654321');
/*!40000 ALTER TABLE `direccion` ENABLE KEYS */;
UNLOCK TABLES;

--
-- Table structure for table `estado`
--

DROP TABLE IF EXISTS `estado`;
/*!40101 SET @saved_cs_client     = @@character_set_client */;
/*!50503 SET character_set_client = utf8mb4 */;
CREATE TABLE `estado` (
  `id_estado` int NOT NULL AUTO_INCREMENT,
  `estado` varchar(100) NOT NULL,
  PRIMARY KEY (`id_estado`)
) ENGINE=InnoDB AUTO_INCREMENT=33 DEFAULT CHARSET=utf8mb4 COLLATE=utf8mb4_0900_ai_ci;
/*!40101 SET character_set_client = @saved_cs_client */;

--
-- Dumping data for table `estado`
--

LOCK TABLES `estado` WRITE;
/*!40000 ALTER TABLE `estado` DISABLE KEYS */;
INSERT INTO `estado` VALUES (1,'Aguascalientes'),(2,'Baja California'),(3,'Baja California Sur'),(4,'Campeche'),(5,'Coahuila de Zaragoza'),(6,'Colima'),(7,'Chiapas'),(8,'Chihuahua'),(9,'Distrito Federal'),(10,'Durango'),(11,'Guanajuato'),(12,'Guerrero'),(13,'Hidalgo'),(14,'Jalisco'),(15,'México'),(16,'Michoacán de Ocampo'),(17,'Morelos'),(18,'Nayarit'),(19,'Nuevo León'),(20,'Oaxaca'),(21,'Puebla'),(22,'Querétaro'),(23,'Quintana Roo'),(24,'San Luis Potosí'),(25,'Sinaloa'),(26,'Sonora'),(27,'Tabasco'),(28,'Tamaulipas'),(29,'Tlaxcala'),(30,'Veracruz de Ignacio de la Llave'),(31,'Yucatán'),(32,'Zacatecas');
/*!40000 ALTER TABLE `estado` ENABLE KEYS */;
UNLOCK TABLES;

--
-- Table structure for table `estatus`
--

DROP TABLE IF EXISTS `estatus`;
/*!40101 SET @saved_cs_client     = @@character_set_client */;
/*!50503 SET character_set_client = utf8mb4 */;
CREATE TABLE `estatus` (
  `id_estatus` int NOT NULL AUTO_INCREMENT,
  `nombre` varchar(50) NOT NULL,
  PRIMARY KEY (`id_estatus`)
) ENGINE=InnoDB AUTO_INCREMENT=5 DEFAULT CHARSET=utf8mb4 COLLATE=utf8mb4_0900_ai_ci;
/*!40101 SET character_set_client = @saved_cs_client */;

--
-- Dumping data for table `estatus`
--

LOCK TABLES `estatus` WRITE;
/*!40000 ALTER TABLE `estatus` DISABLE KEYS */;
INSERT INTO `estatus` VALUES (1,'En proceso'),(2,'Enviado'),(3,'Recibido'),(4,'Cancelado');
/*!40000 ALTER TABLE `estatus` ENABLE KEYS */;
UNLOCK TABLES;

--
-- Table structure for table `localidad`
--

DROP TABLE IF EXISTS `localidad`;
/*!40101 SET @saved_cs_client     = @@character_set_client */;
/*!50503 SET character_set_client = utf8mb4 */;
CREATE TABLE `localidad` (
  `id_localidad` int NOT NULL AUTO_INCREMENT,
  `id_municipio` int NOT NULL,
  `localidad` varchar(100) NOT NULL,
  PRIMARY KEY (`id_localidad`)
) ENGINE=InnoDB AUTO_INCREMENT=6 DEFAULT CHARSET=utf8mb4 COLLATE=utf8mb4_0900_ai_ci;
/*!40101 SET character_set_client = @saved_cs_client */;

--
-- Dumping data for table `localidad`
--

LOCK TABLES `localidad` WRITE;
/*!40000 ALTER TABLE `localidad` DISABLE KEYS */;
INSERT INTO `localidad` VALUES (1,327,'Celaya'),(2,327,'San Juan de la Vega'),(3,327,'Rincón de Tamayo'),(4,327,'Empalme Escobedo'),(5,327,'La Aurora');
/*!40000 ALTER TABLE `localidad` ENABLE KEYS */;
UNLOCK TABLES;

--
-- Table structure for table `metodo_pago`
--

DROP TABLE IF EXISTS `metodo_pago`;
/*!40101 SET @saved_cs_client     = @@character_set_client */;
/*!50503 SET character_set_client = utf8mb4 */;
CREATE TABLE `metodo_pago` (
  `id_metodoPago` int NOT NULL AUTO_INCREMENT,
  `nombre` varchar(100) DEFAULT NULL,
  PRIMARY KEY (`id_metodoPago`)
) ENGINE=InnoDB AUTO_INCREMENT=3 DEFAULT CHARSET=utf8mb4 COLLATE=utf8mb4_0900_ai_ci;
/*!40101 SET character_set_client = @saved_cs_client */;

--
-- Dumping data for table `metodo_pago`
--

LOCK TABLES `metodo_pago` WRITE;
/*!40000 ALTER TABLE `metodo_pago` DISABLE KEYS */;
INSERT INTO `metodo_pago` VALUES (1,'Tarjeta Débito/Crédito'),(2,'Efectivo');
/*!40000 ALTER TABLE `metodo_pago` ENABLE KEYS */;
UNLOCK TABLES;

--
-- Table structure for table `municipio`
--

DROP TABLE IF EXISTS `municipio`;
/*!40101 SET @saved_cs_client     = @@character_set_client */;
/*!50503 SET character_set_client = utf8mb4 */;
CREATE TABLE `municipio` (
  `id_municipio` int NOT NULL AUTO_INCREMENT,
  `id_estado` int NOT NULL,
  `municipio` varchar(100) NOT NULL,
  PRIMARY KEY (`id_municipio`)
) ENGINE=InnoDB AUTO_INCREMENT=2457 DEFAULT CHARSET=utf8mb4 COLLATE=utf8mb4_0900_ai_ci;
/*!40101 SET character_set_client = @saved_cs_client */;

--
-- Dumping data for table `municipio`
--

LOCK TABLES `municipio` WRITE;
/*!40000 ALTER TABLE `municipio` DISABLE KEYS */;
INSERT INTO `municipio` VALUES (1,1,'Aguascalientes'),(2,1,'Asientos'),(3,1,'Calvillo'),(4,1,'Cosío'),(5,1,'Jesús María'),(6,1,'Pabellón de Arteaga'),(7,1,'Rincón de Romos'),(8,1,'San José de Gracia'),(9,1,'Tepezalá'),(10,1,'El Llano'),(11,1,'San Francisco de los Romo'),(12,2,'Ensenada'),(13,2,'Mexicali'),(14,2,'Tecate'),(15,2,'Tijuana'),(16,2,'Playas de Rosarito'),(17,3,'Comondú'),(18,3,'Mulegé'),(19,3,'La Paz'),(20,3,'Los Cabos'),(21,3,'Loreto'),(22,4,'Calkiní'),(23,4,'Campeche'),(24,4,'Carmen'),(25,4,'Champotón'),(26,4,'Hecelchakán'),(27,4,'Hopelchén'),(28,4,'Palizada'),(29,4,'Tenabo'),(30,4,'Escárcega'),(31,4,'Calakmul'),(32,4,'Candelaria'),(33,5,'Abasolo'),(34,5,'Acuña'),(35,5,'Allende'),(36,5,'Arteaga'),(37,5,'Candela'),(38,5,'Castaños'),(39,5,'Cuatro Ciénegas'),(40,5,'Escobedo'),(41,5,'Francisco I. Madero'),(42,5,'Frontera'),(43,5,'General Cepeda'),(44,5,'Guerrero'),(45,5,'Hidalgo'),(46,5,'Jiménez'),(47,5,'Juárez'),(48,5,'Lamadrid'),(49,5,'Matamoros'),(50,5,'Monclova'),(51,5,'Morelos'),(52,5,'Múzquiz'),(53,5,'Nadadores'),(54,5,'Nava'),(55,5,'Ocampo'),(56,5,'Parras'),(57,5,'Piedras Negras'),(58,5,'Progreso'),(59,5,'Ramos Arizpe'),(60,5,'Sabinas'),(61,5,'Sacramento'),(62,5,'Saltillo'),(63,5,'San Buenaventura'),(64,5,'San Juan de Sabinas'),(65,5,'San Pedro'),(66,5,'Sierra Mojada'),(67,5,'Torreón'),(68,5,'Viesca'),(69,5,'Villa Unión'),(70,5,'Zaragoza'),(71,6,'Armería'),(72,6,'Colima'),(73,6,'Comala'),(74,6,'Coquimatlán'),(75,6,'Cuauhtémoc'),(76,6,'Ixtlahuacán'),(77,6,'Manzanillo'),(78,6,'Minatitlán'),(79,6,'Tecomán'),(80,6,'Villa de Álvarez'),(81,7,'Acacoyagua'),(82,7,'Acala'),(83,7,'Acapetahua'),(84,7,'Altamirano'),(85,7,'Amatán'),(86,7,'Amatenango de la Frontera'),(87,7,'Amatenango del Valle'),(88,7,'Angel Albino Corzo'),(89,7,'Arriaga'),(90,7,'Bejucal de Ocampo'),(91,7,'Bella Vista'),(92,7,'Berriozábal'),(93,7,'Bochil'),(94,7,'El Bosque'),(95,7,'Cacahoatán'),(96,7,'Catazajá'),(97,7,'Cintalapa'),(98,7,'Coapilla'),(99,7,'Comitán de Domínguez'),(100,7,'La Concordia'),(101,7,'Copainalá'),(102,7,'Chalchihuitán'),(103,7,'Chamula'),(104,7,'Chanal'),(105,7,'Chapultenango'),(106,7,'Chenalhó'),(107,7,'Chiapa de Corzo'),(108,7,'Chiapilla'),(109,7,'Chicoasén'),(110,7,'Chicomuselo'),(111,7,'Chilón'),(112,7,'Escuintla'),(113,7,'Francisco León'),(114,7,'Frontera Comalapa'),(115,7,'Frontera Hidalgo'),(116,7,'La Grandeza'),(117,7,'Huehuetán'),(118,7,'Huixtán'),(119,7,'Huitiupán'),(120,7,'Huixtla'),(121,7,'La Independencia'),(122,7,'Ixhuatán'),(123,7,'Ixtacomitán'),(124,7,'Ixtapa'),(125,7,'Ixtapangajoya'),(126,7,'Jiquipilas'),(127,7,'Jitotol'),(128,7,'Juárez'),(129,7,'Larráinzar'),(130,7,'La Libertad'),(131,7,'Mapastepec'),(132,7,'Las Margaritas'),(133,7,'Mazapa de Madero'),(134,7,'Mazatán'),(135,7,'Metapa'),(136,7,'Mitontic'),(137,7,'Motozintla'),(138,7,'Nicolás Ruíz'),(139,7,'Ocosingo'),(140,7,'Ocotepec'),(141,7,'Ocozocoautla de Espinosa'),(142,7,'Ostuacán'),(143,7,'Osumacinta'),(144,7,'Oxchuc'),(145,7,'Palenque'),(146,7,'Pantelhó'),(147,7,'Pantepec'),(148,7,'Pichucalco'),(149,7,'Pijijiapan'),(150,7,'El Porvenir'),(151,7,'Villa Comaltitlán'),(152,7,'Pueblo Nuevo Solistahuacán'),(153,7,'Rayón'),(154,7,'Reforma'),(155,7,'Las Rosas'),(156,7,'Sabanilla'),(157,7,'Salto de Agua'),(158,7,'San Cristóbal de las Casas'),(159,7,'San Fernando'),(160,7,'Siltepec'),(161,7,'Simojovel'),(162,7,'Sitalá'),(163,7,'Socoltenango'),(164,7,'Solosuchiapa'),(165,7,'Soyaló'),(166,7,'Suchiapa'),(167,7,'Suchiate'),(168,7,'Sunuapa'),(169,7,'Tapachula'),(170,7,'Tapalapa'),(171,7,'Tapilula'),(172,7,'Tecpatán'),(173,7,'Tenejapa'),(174,7,'Teopisca'),(175,7,'Tila'),(176,7,'Tonalá'),(177,7,'Totolapa'),(178,7,'La Trinitaria'),(179,7,'Tumbalá'),(180,7,'Tuxtla Gutiérrez'),(181,7,'Tuxtla Chico'),(182,7,'Tuzantán'),(183,7,'Tzimol'),(184,7,'Unión Juárez'),(185,7,'Venustiano Carranza'),(186,7,'Villa Corzo'),(187,7,'Villaflores'),(188,7,'Yajalón'),(189,7,'San Lucas'),(190,7,'Zinacantán'),(191,7,'San Juan Cancuc'),(192,7,'Aldama'),(193,7,'Benemérito de las Américas'),(194,7,'Maravilla Tenejapa'),(195,7,'Marqués de Comillas'),(196,7,'Montecristo de Guerrero'),(197,7,'San Andrés Duraznal'),(198,7,'Santiago el Pinar'),(199,8,'Ahumada'),(200,8,'Aldama'),(201,8,'Allende'),(202,8,'Aquiles Serdán'),(203,8,'Ascensión'),(204,8,'Bachíniva'),(205,8,'Balleza'),(206,8,'Batopilas'),(207,8,'Bocoyna'),(208,8,'Buenaventura'),(209,8,'Camargo'),(210,8,'Carichí'),(211,8,'Casas Grandes'),(212,8,'Coronado'),(213,8,'Coyame del Sotol'),(214,8,'La Cruz'),(215,8,'Cuauhtémoc'),(216,8,'Cusihuiriachi'),(217,8,'Chihuahua'),(218,8,'Chínipas'),(219,8,'Delicias'),(220,8,'Dr. Belisario Domínguez'),(221,8,'Galeana'),(222,8,'Santa Isabel'),(223,8,'Gómez Farías'),(224,8,'Gran Morelos'),(225,8,'Guachochi'),(226,8,'Guadalupe'),(227,8,'Guadalupe y Calvo'),(228,8,'Guazapares'),(229,8,'Guerrero'),(230,8,'Hidalgo del Parral'),(231,8,'Huejotitán'),(232,8,'Ignacio Zaragoza'),(233,8,'Janos'),(234,8,'Jiménez'),(235,8,'Juárez'),(236,8,'Julimes'),(237,8,'López'),(238,8,'Madera'),(239,8,'Maguarichi'),(240,8,'Manuel Benavides'),(241,8,'Matachí'),(242,8,'Matamoros'),(243,8,'Meoqui'),(244,8,'Morelos'),(245,8,'Moris'),(246,8,'Namiquipa'),(247,8,'Nonoava'),(248,8,'Nuevo Casas Grandes'),(249,8,'Ocampo'),(250,8,'Ojinaga'),(251,8,'Praxedis G. Guerrero'),(252,8,'Riva Palacio'),(253,8,'Rosales'),(254,8,'Rosario'),(255,8,'San Francisco de Borja'),(256,8,'San Francisco de Conchos'),(257,8,'San Francisco del Oro'),(258,8,'Santa Bárbara'),(259,8,'Satevó'),(260,8,'Saucillo'),(261,8,'Temósachic'),(262,8,'El Tule'),(263,8,'Urique'),(264,8,'Uruachi'),(265,8,'Valle de Zaragoza'),(266,9,'Azcapotzalco'),(267,9,'Coyoacán'),(268,9,'Cuajimalpa de Morelos'),(269,9,'Gustavo A. Madero'),(270,9,'Iztacalco'),(271,9,'Iztapalapa'),(272,9,'La Magdalena Contreras'),(273,9,'Milpa Alta'),(274,9,'Álvaro Obregón'),(275,9,'Tláhuac'),(276,9,'Tlalpan'),(277,9,'Xochimilco'),(278,9,'Benito Juárez'),(279,9,'Cuauhtémoc'),(280,9,'Miguel Hidalgo'),(281,9,'Venustiano Carranza'),(282,10,'Canatlán'),(283,10,'Canelas'),(284,10,'Coneto de Comonfort'),(285,10,'Cuencamé'),(286,10,'Durango'),(287,10,'General Simón Bolívar'),(288,10,'Gómez Palacio'),(289,10,'Guadalupe Victoria'),(290,10,'Guanaceví'),(291,10,'Hidalgo'),(292,10,'Indé'),(293,10,'Lerdo'),(294,10,'Mapimí'),(295,10,'Mezquital'),(296,10,'Nazas'),(297,10,'Nombre de Dios'),(298,10,'Ocampo'),(299,10,'El Oro'),(300,10,'Otáez'),(301,10,'Pánuco de Coronado'),(302,10,'Peñón Blanco'),(303,10,'Poanas'),(304,10,'Pueblo Nuevo'),(305,10,'Rodeo'),(306,10,'San Bernardo'),(307,10,'San Dimas'),(308,10,'San Juan de Guadalupe'),(309,10,'San Juan del Río'),(310,10,'San Luis del Cordero'),(311,10,'San Pedro del Gallo'),(312,10,'Santa Clara'),(313,10,'Santiago Papasquiaro'),(314,10,'Súchil'),(315,10,'Tamazula'),(316,10,'Tepehuanes'),(317,10,'Tlahualilo'),(318,10,'Topia'),(319,10,'Vicente Guerrero'),(320,10,'Nuevo Ideal'),(321,11,'Abasolo'),(322,11,'Acámbaro'),(323,11,'San Miguel de Allende'),(324,11,'Apaseo el Alto'),(325,11,'Apaseo el Grande'),(326,11,'Atarjea'),(327,11,'Celaya'),(328,11,'Manuel Doblado'),(329,11,'Comonfort'),(330,11,'Coroneo'),(331,11,'Cortazar'),(332,11,'Cuerámaro'),(333,11,'Doctor Mora'),(334,11,'Dolores Hidalgo Cuna de la Independencia Naci'),(335,11,'Guanajuato'),(336,11,'Huanímaro'),(337,11,'Irapuato'),(338,11,'Jaral del Progreso'),(339,11,'Jerécuaro'),(340,11,'León'),(341,11,'Moroleón'),(342,11,'Ocampo'),(343,11,'Pénjamo'),(344,11,'Pueblo Nuevo'),(345,11,'Purísima del Rincón'),(346,11,'Romita'),(347,11,'Salamanca'),(348,11,'Salvatierra'),(349,11,'San Diego de la Unión'),(350,11,'San Felipe'),(351,11,'San Francisco del Rincón'),(352,11,'San José Iturbide'),(353,11,'San Luis de la Paz'),(354,11,'Santa Catarina'),(355,11,'Santa Cruz de Juventino Rosas'),(356,11,'Santiago Maravatío'),(357,11,'Silao'),(358,11,'Tarandacuao'),(359,11,'Tarimoro'),(360,11,'Tierra Blanca'),(361,11,'Uriangato'),(362,11,'Valle de Santiago'),(363,11,'Victoria'),(364,11,'Villagrán'),(365,11,'Xichú'),(366,11,'Yuriria'),(367,12,'Acapulco de Juárez'),(368,12,'Ahuacuotzingo'),(369,12,'Ajuchitlán del Progreso'),(370,12,'Alcozauca de Guerrero'),(371,12,'Alpoyeca'),(372,12,'Apaxtla'),(373,12,'Arcelia'),(374,12,'Atenango del Río'),(375,12,'Atlamajalcingo del Monte'),(376,12,'Atlixtac'),(377,12,'Atoyac de Álvarez'),(378,12,'Ayutla de los Libres'),(379,12,'Azoyú'),(380,12,'Benito Juárez'),(381,12,'Buenavista de Cuéllar'),(382,12,'Coahuayutla de José María Izazaga'),(383,12,'Cocula'),(384,12,'Copala'),(385,12,'Copalillo'),(386,12,'Copanatoyac'),(387,12,'Coyuca de Benítez'),(388,12,'Coyuca de Catalán'),(389,12,'Cuajinicuilapa'),(390,12,'Cualác'),(391,12,'Cuautepec'),(392,12,'Cuetzala del Progreso'),(393,12,'Cutzamala de Pinzón'),(394,12,'Chilapa de Álvarez'),(395,12,'Chilpancingo de los Bravo'),(396,12,'Florencio Villarreal'),(397,12,'General Canuto A. Neri'),(398,12,'General Heliodoro Castillo'),(399,12,'Huamuxtitlán'),(400,12,'Huitzuco de los Figueroa'),(401,12,'Iguala de la Independencia'),(402,12,'Igualapa'),(403,12,'Ixcateopan de Cuauhtémoc'),(404,12,'Zihuatanejo de Azueta'),(405,12,'Juan R. Escudero'),(406,12,'Leonardo Bravo'),(407,12,'Malinaltepec'),(408,12,'Mártir de Cuilapan'),(409,12,'Metlatónoc'),(410,12,'Mochitlán'),(411,12,'Olinalá'),(412,12,'Ometepec'),(413,12,'Pedro Ascencio Alquisiras'),(414,12,'Petatlán'),(415,12,'Pilcaya'),(416,12,'Pungarabato'),(417,12,'Quechultenango'),(418,12,'San Luis Acatlán'),(419,12,'San Marcos'),(420,12,'San Miguel Totolapan'),(421,12,'Taxco de Alarcón'),(422,12,'Tecoanapa'),(423,12,'Técpan de Galeana'),(424,12,'Teloloapan'),(425,12,'Tepecoacuilco de Trujano'),(426,12,'Tetipac'),(427,12,'Tixtla de Guerrero'),(428,12,'Tlacoachistlahuaca'),(429,12,'Tlacoapa'),(430,12,'Tlalchapa'),(431,12,'Tlalixtaquilla de Maldonado'),(432,12,'Tlapa de Comonfort'),(433,12,'Tlapehuala'),(434,12,'La Unión de Isidoro Montes de Oca'),(435,12,'Xalpatláhuac'),(436,12,'Xochihuehuetlán'),(437,12,'Xochistlahuaca'),(438,12,'Zapotitlán Tablas'),(439,12,'Zirándaro'),(440,12,'Zitlala'),(441,12,'Eduardo Neri'),(442,12,'Acatepec'),(443,12,'Marquelia'),(444,12,'Cochoapa el Grande'),(445,12,'José Joaquin de Herrera'),(446,12,'Juchitán'),(447,12,'Iliatenco'),(448,13,'Acatlán'),(449,13,'Acaxochitlán'),(450,13,'Actopan'),(451,13,'Agua Blanca de Iturbide'),(452,13,'Ajacuba'),(453,13,'Alfajayucan'),(454,13,'Almoloya'),(455,13,'Apan'),(456,13,'El Arenal'),(457,13,'Atitalaquia'),(458,13,'Atlapexco'),(459,13,'Atotonilco el Grande'),(460,13,'Atotonilco de Tula'),(461,13,'Calnali'),(462,13,'Cardonal'),(463,13,'Cuautepec de Hinojosa'),(464,13,'Chapantongo'),(465,13,'Chapulhuacán'),(466,13,'Chilcuautla'),(467,13,'Eloxochitlán'),(468,13,'Emiliano Zapata'),(469,13,'Epazoyucan'),(470,13,'Francisco I. Madero'),(471,13,'Huasca de Ocampo'),(472,13,'Huautla'),(473,13,'Huazalingo'),(474,13,'Huehuetla'),(475,13,'Huejutla de Reyes'),(476,13,'Huichapan'),(477,13,'Ixmiquilpan'),(478,13,'Jacala de Ledezma'),(479,13,'Jaltocán'),(480,13,'Juárez Hidalgo'),(481,13,'Lolotla'),(482,13,'Metepec'),(483,13,'San Agustín Metzquititlán'),(484,13,'Metztitlán'),(485,13,'Mineral del Chico'),(486,13,'Mineral del Monte'),(487,13,'La Misión'),(488,13,'Mixquiahuala de Juárez'),(489,13,'Molango de Escamilla'),(490,13,'Nicolás Flores'),(491,13,'Nopala de Villagrán'),(492,13,'Omitlán de Juárez'),(493,13,'San Felipe Orizatlán'),(494,13,'Pacula'),(495,13,'Pachuca de Soto'),(496,13,'Pisaflores'),(497,13,'Progreso de Obregón'),(498,13,'Mineral de la Reforma'),(499,13,'San Agustín Tlaxiaca'),(500,13,'San Bartolo Tutotepec'),(501,13,'San Salvador'),(502,13,'Santiago de Anaya'),(503,13,'Santiago Tulantepec de Lugo Guerrero'),(504,13,'Singuilucan'),(505,13,'Tasquillo'),(506,13,'Tecozautla'),(507,13,'Tenango de Doria'),(508,13,'Tepeapulco'),(509,13,'Tepehuacán de Guerrero'),(510,13,'Tepeji del Río de Ocampo'),(511,13,'Tepetitlán'),(512,13,'Tetepango'),(513,13,'Villa de Tezontepec'),(514,13,'Tezontepec de Aldama'),(515,13,'Tianguistengo'),(516,13,'Tizayuca'),(517,13,'Tlahuelilpan'),(518,13,'Tlahuiltepa'),(519,13,'Tlanalapa'),(520,13,'Tlanchinol'),(521,13,'Tlaxcoapan'),(522,13,'Tolcayuca'),(523,13,'Tula de Allende'),(524,13,'Tulancingo de Bravo'),(525,13,'Xochiatipan'),(526,13,'Xochicoatlán'),(527,13,'Yahualica'),(528,13,'Zacualtipán de Ángeles'),(529,13,'Zapotlán de Juárez'),(530,13,'Zempoala'),(531,13,'Zimapán'),(532,14,'Acatic'),(533,14,'Acatlán de Juárez'),(534,14,'Ahualulco de Mercado'),(535,14,'Amacueca'),(536,14,'Amatitán'),(537,14,'Ameca'),(538,14,'San Juanito de Escobedo'),(539,14,'Arandas'),(540,14,'El Arenal'),(541,14,'Atemajac de Brizuela'),(542,14,'Atengo'),(543,14,'Atenguillo'),(544,14,'Atotonilco el Alto'),(545,14,'Atoyac'),(546,14,'Autlán de Navarro'),(547,14,'Ayotlán'),(548,14,'Ayutla'),(549,14,'La Barca'),(550,14,'Bolaños'),(551,14,'Cabo Corrientes'),(552,14,'Casimiro Castillo'),(553,14,'Cihuatlán'),(554,14,'Zapotlán el Grande'),(555,14,'Cocula'),(556,14,'Colotlán'),(557,14,'Concepción de Buenos Aires'),(558,14,'Cuautitlán de García Barragán'),(559,14,'Cuautla'),(560,14,'Cuquío'),(561,14,'Chapala'),(562,14,'Chimaltitán'),(563,14,'Chiquilistlán'),(564,14,'Degollado'),(565,14,'Ejutla'),(566,14,'Encarnación de Díaz'),(567,14,'Etzatlán'),(568,14,'El Grullo'),(569,14,'Guachinango'),(570,14,'Guadalajara'),(571,14,'Hostotipaquillo'),(572,14,'Huejúcar'),(573,14,'Huejuquilla el Alto'),(574,14,'La Huerta'),(575,14,'Ixtlahuacán de los Membrillos'),(576,14,'Ixtlahuacán del Río'),(577,14,'Jalostotitlán'),(578,14,'Jamay'),(579,14,'Jesús María'),(580,14,'Jilotlán de los Dolores'),(581,14,'Jocotepec'),(582,14,'Juanacatlán'),(583,14,'Juchitlán'),(584,14,'Lagos de Moreno'),(585,14,'El Limón'),(586,14,'Magdalena'),(587,14,'Santa María del Oro'),(588,14,'La Manzanilla de la Paz'),(589,14,'Mascota'),(590,14,'Mazamitla'),(591,14,'Mexticacán'),(592,14,'Mezquitic'),(593,14,'Mixtlán'),(594,14,'Ocotlán'),(595,14,'Ojuelos de Jalisco'),(596,14,'Pihuamo'),(597,14,'Poncitlán'),(598,14,'Puerto Vallarta'),(599,14,'Villa Purificación'),(600,14,'Quitupan'),(601,14,'El Salto'),(602,14,'San Cristóbal de la Barranca'),(603,14,'San Diego de Alejandría'),(604,14,'San Juan de los Lagos'),(605,14,'San Julián'),(606,14,'San Marcos'),(607,14,'San Martín de Bolaños'),(608,14,'San Martín Hidalgo'),(609,14,'San Miguel el Alto'),(610,14,'Gómez Farías'),(611,14,'San Sebastián del Oeste'),(612,14,'Santa María de los Ángeles'),(613,14,'Sayula'),(614,14,'Tala'),(615,14,'Talpa de Allende'),(616,14,'Tamazula de Gordiano'),(617,14,'Tapalpa'),(618,14,'Tecalitlán'),(619,14,'Tecolotlán'),(620,14,'Techaluta de Montenegro'),(621,14,'Tenamaxtlán'),(622,14,'Teocaltiche'),(623,14,'Teocuitatlán de Corona'),(624,14,'Tepatitlán de Morelos'),(625,14,'Tequila'),(626,14,'Teuchitlán'),(627,14,'Tizapán el Alto'),(628,14,'Tlajomulco de Zúñiga'),(629,14,'Tlaquepaque'),(630,14,'Tolimán'),(631,14,'Tomatlán'),(632,14,'Tonalá'),(633,14,'Tonaya'),(634,14,'Tonila'),(635,14,'Totatiche'),(636,14,'Tototlán'),(637,14,'Tuxcacuesco'),(638,14,'Tuxcueca'),(639,14,'Tuxpan'),(640,14,'Unión de San Antonio'),(641,14,'Unión de Tula'),(642,14,'Valle de Guadalupe'),(643,14,'Valle de Juárez'),(644,14,'San Gabriel'),(645,14,'Villa Corona'),(646,14,'Villa Guerrero'),(647,14,'Villa Hidalgo'),(648,14,'Cañadas de Obregón'),(649,14,'Yahualica de González Gallo'),(650,14,'Zacoalco de Torres'),(651,14,'Zapopan'),(652,14,'Zapotiltic'),(653,14,'Zapotitlán de Vadillo'),(654,14,'Zapotlán del Rey'),(655,14,'Zapotlanejo'),(656,14,'San Ignacio Cerro Gordo'),(657,15,'Acambay'),(658,15,'Acolman'),(659,15,'Aculco'),(660,15,'Almoloya de Alquisiras'),(661,15,'Almoloya de Juárez'),(662,15,'Almoloya del Río'),(663,15,'Amanalco'),(664,15,'Amatepec'),(665,15,'Amecameca'),(666,15,'Apaxco'),(667,15,'Atenco'),(668,15,'Atizapán'),(669,15,'Atizapán de Zaragoza'),(670,15,'Atlacomulco'),(671,15,'Atlautla'),(672,15,'Axapusco'),(673,15,'Ayapango'),(674,15,'Calimaya'),(675,15,'Capulhuac'),(676,15,'Coacalco de Berriozábal'),(677,15,'Coatepec Harinas'),(678,15,'Cocotitlán'),(679,15,'Coyotepec'),(680,15,'Cuautitlán'),(681,15,'Chalco'),(682,15,'Chapa de Mota'),(683,15,'Chapultepec'),(684,15,'Chiautla'),(685,15,'Chicoloapan'),(686,15,'Chiconcuac'),(687,15,'Chimalhuacán'),(688,15,'Donato Guerra'),(689,15,'Ecatepec de Morelos'),(690,15,'Ecatzingo'),(691,15,'Huehuetoca'),(692,15,'Hueypoxtla'),(693,15,'Huixquilucan'),(694,15,'Isidro Fabela'),(695,15,'Ixtapaluca'),(696,15,'Ixtapan de la Sal'),(697,15,'Ixtapan del Oro'),(698,15,'Ixtlahuaca'),(699,15,'Xalatlaco'),(700,15,'Jaltenco'),(701,15,'Jilotepec'),(702,15,'Jilotzingo'),(703,15,'Jiquipilco'),(704,15,'Jocotitlán'),(705,15,'Joquicingo'),(706,15,'Juchitepec'),(707,15,'Lerma'),(708,15,'Malinalco'),(709,15,'Melchor Ocampo'),(710,15,'Metepec'),(711,15,'Mexicaltzingo'),(712,15,'Morelos'),(713,15,'Naucalpan de Juárez'),(714,15,'Nezahualcóyotl'),(715,15,'Nextlalpan'),(716,15,'Nicolás Romero'),(717,15,'Nopaltepec'),(718,15,'Ocoyoacac'),(719,15,'Ocuilan'),(720,15,'El Oro'),(721,15,'Otumba'),(722,15,'Otzoloapan'),(723,15,'Otzolotepec'),(724,15,'Ozumba'),(725,15,'Papalotla'),(726,15,'La Paz'),(727,15,'Polotitlán'),(728,15,'Rayón'),(729,15,'San Antonio la Isla'),(730,15,'San Felipe del Progreso'),(731,15,'San Martín de las Pirámides'),(732,15,'San Mateo Atenco'),(733,15,'San Simón de Guerrero'),(734,15,'Santo Tomás'),(735,15,'Soyaniquilpan de Juárez'),(736,15,'Sultepec'),(737,15,'Tecámac'),(738,15,'Tejupilco'),(739,15,'Temamatla'),(740,15,'Temascalapa'),(741,15,'Temascalcingo'),(742,15,'Temascaltepec'),(743,15,'Temoaya'),(744,15,'Tenancingo'),(745,15,'Tenango del Aire'),(746,15,'Tenango del Valle'),(747,15,'Teoloyucán'),(748,15,'Teotihuacán'),(749,15,'Tepetlaoxtoc'),(750,15,'Tepetlixpa'),(751,15,'Tepotzotlán'),(752,15,'Tequixquiac'),(753,15,'Texcaltitlán'),(754,15,'Texcalyacac'),(755,15,'Texcoco'),(756,15,'Tezoyuca'),(757,15,'Tianguistenco'),(758,15,'Timilpan'),(759,15,'Tlalmanalco'),(760,15,'Tlalnepantla de Baz'),(761,15,'Tlatlaya'),(762,15,'Toluca'),(763,15,'Tonatico'),(764,15,'Tultepec'),(765,15,'Tultitlán'),(766,15,'Valle de Bravo'),(767,15,'Villa de Allende'),(768,15,'Villa del Carbón'),(769,15,'Villa Guerrero'),(770,15,'Villa Victoria'),(771,15,'Xonacatlán'),(772,15,'Zacazonapan'),(773,15,'Zacualpan'),(774,15,'Zinacantepec'),(775,15,'Zumpahuacán'),(776,15,'Zumpango'),(777,15,'Cuautitlán Izcalli'),(778,15,'Valle de Chalco Solidaridad'),(779,15,'Luvianos'),(780,15,'San José del Rincón'),(781,15,'Tonanitla'),(782,16,'Acuitzio'),(783,16,'Aguililla'),(784,16,'Álvaro Obregón'),(785,16,'Angamacutiro'),(786,16,'Angangueo'),(787,16,'Apatzingán'),(788,16,'Aporo'),(789,16,'Aquila'),(790,16,'Ario'),(791,16,'Arteaga'),(792,16,'Briseñas'),(793,16,'Buenavista'),(794,16,'Carácuaro'),(795,16,'Coahuayana'),(796,16,'Coalcomán de Vázquez Pallares'),(797,16,'Coeneo'),(798,16,'Contepec'),(799,16,'Copándaro'),(800,16,'Cotija'),(801,16,'Cuitzeo'),(802,16,'Charapan'),(803,16,'Charo'),(804,16,'Chavinda'),(805,16,'Cherán'),(806,16,'Chilchota'),(807,16,'Chinicuila'),(808,16,'Chucándiro'),(809,16,'Churintzio'),(810,16,'Churumuco'),(811,16,'Ecuandureo'),(812,16,'Epitacio Huerta'),(813,16,'Erongarícuaro'),(814,16,'Gabriel Zamora'),(815,16,'Hidalgo'),(816,16,'La Huacana'),(817,16,'Huandacareo'),(818,16,'Huaniqueo'),(819,16,'Huetamo'),(820,16,'Huiramba'),(821,16,'Indaparapeo'),(822,16,'Irimbo'),(823,16,'Ixtlán'),(824,16,'Jacona'),(825,16,'Jiménez'),(826,16,'Jiquilpan'),(827,16,'Juárez'),(828,16,'Jungapeo'),(829,16,'Lagunillas'),(830,16,'Madero'),(831,16,'Maravatío'),(832,16,'Marcos Castellanos'),(833,16,'Lázaro Cárdenas'),(834,16,'Morelia'),(835,16,'Morelos'),(836,16,'Múgica'),(837,16,'Nahuatzen'),(838,16,'Nocupétaro'),(839,16,'Nuevo Parangaricutiro'),(840,16,'Nuevo Urecho'),(841,16,'Numarán'),(842,16,'Ocampo'),(843,16,'Pajacuarán'),(844,16,'Panindícuaro'),(845,16,'Parácuaro'),(846,16,'Paracho'),(847,16,'Pátzcuaro'),(848,16,'Penjamillo'),(849,16,'Peribán'),(850,16,'La Piedad'),(851,16,'Purépero'),(852,16,'Puruándiro'),(853,16,'Queréndaro'),(854,16,'Quiroga'),(855,16,'Cojumatlán de Régules'),(856,16,'Los Reyes'),(857,16,'Sahuayo'),(858,16,'San Lucas'),(859,16,'Santa Ana Maya'),(860,16,'Salvador Escalante'),(861,16,'Senguio'),(862,16,'Susupuato'),(863,16,'Tacámbaro'),(864,16,'Tancítaro'),(865,16,'Tangamandapio'),(866,16,'Tangancícuaro'),(867,16,'Tanhuato'),(868,16,'Taretan'),(869,16,'Tarímbaro'),(870,16,'Tepalcatepec'),(871,16,'Tingambato'),(872,16,'Tingüindín'),(873,16,'Tiquicheo de Nicolás Romero'),(874,16,'Tlalpujahua'),(875,16,'Tlazazalca'),(876,16,'Tocumbo'),(877,16,'Tumbiscatío'),(878,16,'Turicato'),(879,16,'Tuxpan'),(880,16,'Tuzantla'),(881,16,'Tzintzuntzan'),(882,16,'Tzitzio'),(883,16,'Uruapan'),(884,16,'Venustiano Carranza'),(885,16,'Villamar'),(886,16,'Vista Hermosa'),(887,16,'Yurécuaro'),(888,16,'Zacapu'),(889,16,'Zamora'),(890,16,'Zináparo'),(891,16,'Zinapécuaro'),(892,16,'Ziracuaretiro'),(893,16,'Zitácuaro'),(894,16,'José Sixto Verduzco'),(895,17,'Amacuzac'),(896,17,'Atlatlahucan'),(897,17,'Axochiapan'),(898,17,'Ayala'),(899,17,'Coatlán del Río'),(900,17,'Cuautla'),(901,17,'Cuernavaca'),(902,17,'Emiliano Zapata'),(903,17,'Huitzilac'),(904,17,'Jantetelco'),(905,17,'Jiutepec'),(906,17,'Jojutla'),(907,17,'Jonacatepec'),(908,17,'Mazatepec'),(909,17,'Miacatlán'),(910,17,'Ocuituco'),(911,17,'Puente de Ixtla'),(912,17,'Temixco'),(913,17,'Tepalcingo'),(914,17,'Tepoztlán'),(915,17,'Tetecala'),(916,17,'Tetela del Volcán'),(917,17,'Tlalnepantla'),(918,17,'Tlaltizapán'),(919,17,'Tlaquiltenango'),(920,17,'Tlayacapan'),(921,17,'Totolapan'),(922,17,'Xochitepec'),(923,17,'Yautepec'),(924,17,'Yecapixtla'),(925,17,'Zacatepec'),(926,17,'Zacualpan'),(927,17,'Temoac'),(928,18,'Acaponeta'),(929,18,'Ahuacatlán'),(930,18,'Amatlán de Cañas'),(931,18,'Compostela'),(932,18,'Huajicori'),(933,18,'Ixtlán del Río'),(934,18,'Jala'),(935,18,'Xalisco'),(936,18,'Del Nayar'),(937,18,'Rosamorada'),(938,18,'Ruíz'),(939,18,'San Blas'),(940,18,'San Pedro Lagunillas'),(941,18,'Santa María del Oro'),(942,18,'Santiago Ixcuintla'),(943,18,'Tecuala'),(944,18,'Tepic'),(945,18,'Tuxpan'),(946,18,'La Yesca'),(947,18,'Bahía de Banderas'),(948,19,'Abasolo'),(949,19,'Agualeguas'),(950,19,'Los Aldamas'),(951,19,'Allende'),(952,19,'Anáhuac'),(953,19,'Apodaca'),(954,19,'Aramberri'),(955,19,'Bustamante'),(956,19,'Cadereyta Jiménez'),(957,19,'Carmen'),(958,19,'Cerralvo'),(959,19,'Ciénega de Flores'),(960,19,'China'),(961,19,'Dr. Arroyo'),(962,19,'Dr. Coss'),(963,19,'Dr. González'),(964,19,'Galeana'),(965,19,'García'),(966,19,'San Pedro Garza García'),(967,19,'Gral. Bravo'),(968,19,'Gral. Escobedo'),(969,19,'Gral. Terán'),(970,19,'Gral. Treviño'),(971,19,'Gral. Zaragoza'),(972,19,'Gral. Zuazua'),(973,19,'Guadalupe'),(974,19,'Los Herreras'),(975,19,'Higueras'),(976,19,'Hualahuises'),(977,19,'Iturbide'),(978,19,'Juárez'),(979,19,'Lampazos de Naranjo'),(980,19,'Linares'),(981,19,'Marín'),(982,19,'Melchor Ocampo'),(983,19,'Mier y Noriega'),(984,19,'Mina'),(985,19,'Montemorelos'),(986,19,'Monterrey'),(987,19,'Parás'),(988,19,'Pesquería'),(989,19,'Los Ramones'),(990,19,'Rayones'),(991,19,'Sabinas Hidalgo'),(992,19,'Salinas Victoria'),(993,19,'San Nicolás de los Garza'),(994,19,'Hidalgo'),(995,19,'Santa Catarina'),(996,19,'Santiago'),(997,19,'Vallecillo'),(998,19,'Villaldama'),(999,20,'Abejones'),(1000,20,'Acatlán de Pérez Figueroa'),(1001,20,'Asunción Cacalotepec'),(1002,20,'Asunción Cuyotepeji'),(1003,20,'Asunción Ixtaltepec'),(1004,20,'Asunción Nochixtlán'),(1005,20,'Asunción Ocotlán'),(1006,20,'Asunción Tlacolulita'),(1007,20,'Ayotzintepec'),(1008,20,'El Barrio de la Soledad'),(1009,20,'Calihualá'),(1010,20,'Candelaria Loxicha'),(1011,20,'Ciénega de Zimatlán'),(1012,20,'Ciudad Ixtepec'),(1013,20,'Coatecas Altas'),(1014,20,'Coicoyán de las Flores'),(1015,20,'La Compañía'),(1016,20,'Concepción Buenavista'),(1017,20,'Concepción Pápalo'),(1018,20,'Constancia del Rosario'),(1019,20,'Cosolapa'),(1020,20,'Cosoltepec'),(1021,20,'Cuilápam de Guerrero'),(1022,20,'Cuyamecalco Villa de Zaragoza'),(1023,20,'Chahuites'),(1024,20,'Chalcatongo de Hidalgo'),(1025,20,'Chiquihuitlán de Benito Juárez'),(1026,20,'Heroica Ciudad de Ejutla de Crespo'),(1027,20,'Eloxochitlán de Flores Magón'),(1028,20,'El Espinal'),(1029,20,'Tamazulápam del Espíritu Santo'),(1030,20,'Fresnillo de Trujano'),(1031,20,'Guadalupe Etla'),(1032,20,'Guadalupe de Ramírez'),(1033,20,'Guelatao de Juárez'),(1034,20,'Guevea de Humboldt'),(1035,20,'Mesones Hidalgo'),(1036,20,'Villa Hidalgo'),(1037,20,'Heroica Ciudad de Huajuapan de León'),(1038,20,'Huautepec'),(1039,20,'Huautla de Jiménez'),(1040,20,'Ixtlán de Juárez'),(1041,20,'Heroica Ciudad de Juchitán de Zaragoza'),(1042,20,'Loma Bonita'),(1043,20,'Magdalena Apasco'),(1044,20,'Magdalena Jaltepec'),(1045,20,'Santa Magdalena Jicotlán'),(1046,20,'Magdalena Mixtepec'),(1047,20,'Magdalena Ocotlán'),(1048,20,'Magdalena Peñasco'),(1049,20,'Magdalena Teitipac'),(1050,20,'Magdalena Tequisistlán'),(1051,20,'Magdalena Tlacotepec'),(1052,20,'Magdalena Zahuatlán'),(1053,20,'Mariscala de Juárez'),(1054,20,'Mártires de Tacubaya'),(1055,20,'Matías Romero Avendaño'),(1056,20,'Mazatlán Villa de Flores'),(1057,20,'Miahuatlán de Porfirio Díaz'),(1058,20,'Mixistlán de la Reforma'),(1059,20,'Monjas'),(1060,20,'Natividad'),(1061,20,'Nazareno Etla'),(1062,20,'Nejapa de Madero'),(1063,20,'Ixpantepec Nieves'),(1064,20,'Santiago Niltepec'),(1065,20,'Oaxaca de Juárez'),(1066,20,'Ocotlán de Morelos'),(1067,20,'La Pe'),(1068,20,'Pinotepa de Don Luis'),(1069,20,'Pluma Hidalgo'),(1070,20,'San José del Progreso'),(1071,20,'Putla Villa de Guerrero'),(1072,20,'Santa Catarina Quioquitani'),(1073,20,'Reforma de Pineda'),(1074,20,'La Reforma'),(1075,20,'Reyes Etla'),(1076,20,'Rojas de Cuauhtémoc'),(1077,20,'Salina Cruz'),(1078,20,'San Agustín Amatengo'),(1079,20,'San Agustín Atenango'),(1080,20,'San Agustín Chayuco'),(1081,20,'San Agustín de las Juntas'),(1082,20,'San Agustín Etla'),(1083,20,'San Agustín Loxicha'),(1084,20,'San Agustín Tlacotepec'),(1085,20,'San Agustín Yatareni'),(1086,20,'San Andrés Cabecera Nueva'),(1087,20,'San Andrés Dinicuiti'),(1088,20,'San Andrés Huaxpaltepec'),(1089,20,'San Andrés Huayápam'),(1090,20,'San Andrés Ixtlahuaca'),(1091,20,'San Andrés Lagunas'),(1092,20,'San Andrés Nuxiño'),(1093,20,'San Andrés Paxtlán'),(1094,20,'San Andrés Sinaxtla'),(1095,20,'San Andrés Solaga'),(1096,20,'San Andrés Teotilálpam'),(1097,20,'San Andrés Tepetlapa'),(1098,20,'San Andrés Yaá'),(1099,20,'San Andrés Zabache'),(1100,20,'San Andrés Zautla'),(1101,20,'San Antonino Castillo Velasco'),(1102,20,'San Antonino el Alto'),(1103,20,'San Antonino Monte Verde'),(1104,20,'San Antonio Acutla'),(1105,20,'San Antonio de la Cal'),(1106,20,'San Antonio Huitepec'),(1107,20,'San Antonio Nanahuatípam'),(1108,20,'San Antonio Sinicahua'),(1109,20,'San Antonio Tepetlapa'),(1110,20,'San Baltazar Chichicápam'),(1111,20,'San Baltazar Loxicha'),(1112,20,'San Baltazar Yatzachi el Bajo'),(1113,20,'San Bartolo Coyotepec'),(1114,20,'San Bartolomé Ayautla'),(1115,20,'San Bartolomé Loxicha'),(1116,20,'San Bartolomé Quialana'),(1117,20,'San Bartolomé Yucuañe'),(1118,20,'San Bartolomé Zoogocho'),(1119,20,'San Bartolo Soyaltepec'),(1120,20,'San Bartolo Yautepec'),(1121,20,'San Bernardo Mixtepec'),(1122,20,'San Blas Atempa'),(1123,20,'San Carlos Yautepec'),(1124,20,'San Cristóbal Amatlán'),(1125,20,'San Cristóbal Amoltepec'),(1126,20,'San Cristóbal Lachirioag'),(1127,20,'San Cristóbal Suchixtlahuaca'),(1128,20,'San Dionisio del Mar'),(1129,20,'San Dionisio Ocotepec'),(1130,20,'San Dionisio Ocotlán'),(1131,20,'San Esteban Atatlahuca'),(1132,20,'San Felipe Jalapa de Díaz'),(1133,20,'San Felipe Tejalápam'),(1134,20,'San Felipe Usila'),(1135,20,'San Francisco Cahuacuá'),(1136,20,'San Francisco Cajonos'),(1137,20,'San Francisco Chapulapa'),(1138,20,'San Francisco Chindúa'),(1139,20,'San Francisco del Mar'),(1140,20,'San Francisco Huehuetlán'),(1141,20,'San Francisco Ixhuatán'),(1142,20,'San Francisco Jaltepetongo'),(1143,20,'San Francisco Lachigoló'),(1144,20,'San Francisco Logueche'),(1145,20,'San Francisco Nuxaño'),(1146,20,'San Francisco Ozolotepec'),(1147,20,'San Francisco Sola'),(1148,20,'San Francisco Telixtlahuaca'),(1149,20,'San Francisco Teopan'),(1150,20,'San Francisco Tlapancingo'),(1151,20,'San Gabriel Mixtepec'),(1152,20,'San Ildefonso Amatlán'),(1153,20,'San Ildefonso Sola'),(1154,20,'San Ildefonso Villa Alta'),(1155,20,'San Jacinto Amilpas'),(1156,20,'San Jacinto Tlacotepec'),(1157,20,'San Jerónimo Coatlán'),(1158,20,'San Jerónimo Silacayoapilla'),(1159,20,'San Jerónimo Sosola'),(1160,20,'San Jerónimo Taviche'),(1161,20,'San Jerónimo Tecóatl'),(1162,20,'San Jorge Nuchita'),(1163,20,'San José Ayuquila'),(1164,20,'San José Chiltepec'),(1165,20,'San José del Peñasco'),(1166,20,'San José Estancia Grande'),(1167,20,'San José Independencia'),(1168,20,'San José Lachiguiri'),(1169,20,'San José Tenango'),(1170,20,'San Juan Achiutla'),(1171,20,'San Juan Atepec'),(1172,20,'Ánimas Trujano'),(1173,20,'San Juan Bautista Atatlahuca'),(1174,20,'San Juan Bautista Coixtlahuaca'),(1175,20,'San Juan Bautista Cuicatlán'),(1176,20,'San Juan Bautista Guelache'),(1177,20,'San Juan Bautista Jayacatlán'),(1178,20,'San Juan Bautista Lo de Soto'),(1179,20,'San Juan Bautista Suchitepec'),(1180,20,'San Juan Bautista Tlacoatzintepec'),(1181,20,'San Juan Bautista Tlachichilco'),(1182,20,'San Juan Bautista Tuxtepec'),(1183,20,'San Juan Cacahuatepec'),(1184,20,'San Juan Cieneguilla'),(1185,20,'San Juan Coatzóspam'),(1186,20,'San Juan Colorado'),(1187,20,'San Juan Comaltepec'),(1188,20,'San Juan Cotzocón'),(1189,20,'San Juan Chicomezúchil'),(1190,20,'San Juan Chilateca'),(1191,20,'San Juan del Estado'),(1192,20,'San Juan del Río'),(1193,20,'San Juan Diuxi'),(1194,20,'San Juan Evangelista Analco'),(1195,20,'San Juan Guelavía'),(1196,20,'San Juan Guichicovi'),(1197,20,'San Juan Ihualtepec'),(1198,20,'San Juan Juquila Mixes'),(1199,20,'San Juan Juquila Vijanos'),(1200,20,'San Juan Lachao'),(1201,20,'San Juan Lachigalla'),(1202,20,'San Juan Lajarcia'),(1203,20,'San Juan Lalana'),(1204,20,'San Juan de los Cués'),(1205,20,'San Juan Mazatlán'),(1206,20,'San Juan Mixtepec -Dto. 08 -'),(1207,20,'San Juan Mixtepec -Dto. 26 -'),(1208,20,'San Juan Ñumí'),(1209,20,'San Juan Ozolotepec'),(1210,20,'San Juan Petlapa'),(1211,20,'San Juan Quiahije'),(1212,20,'San Juan Quiotepec'),(1213,20,'San Juan Sayultepec'),(1214,20,'San Juan Tabaá'),(1215,20,'San Juan Tamazola'),(1216,20,'San Juan Teita'),(1217,20,'San Juan Teitipac'),(1218,20,'San Juan Tepeuxila'),(1219,20,'San Juan Teposcolula'),(1220,20,'San Juan Yaeé'),(1221,20,'San Juan Yatzona'),(1222,20,'San Juan Yucuita'),(1223,20,'San Lorenzo'),(1224,20,'San Lorenzo Albarradas'),(1225,20,'San Lorenzo Cacaotepec'),(1226,20,'San Lorenzo Cuaunecuiltitla'),(1227,20,'San Lorenzo Texmelúcan'),(1228,20,'San Lorenzo Victoria'),(1229,20,'San Lucas Camotlán'),(1230,20,'San Lucas Ojitlán'),(1231,20,'San Lucas Quiaviní'),(1232,20,'San Lucas Zoquiápam'),(1233,20,'San Luis Amatlán'),(1234,20,'San Marcial Ozolotepec'),(1235,20,'San Marcos Arteaga'),(1236,20,'San Martín de los Cansecos'),(1237,20,'San Martín Huamelúlpam'),(1238,20,'San Martín Itunyoso'),(1239,20,'San Martín Lachilá'),(1240,20,'San Martín Peras'),(1241,20,'San Martín Tilcajete'),(1242,20,'San Martín Toxpalan'),(1243,20,'San Martín Zacatepec'),(1244,20,'San Mateo Cajonos'),(1245,20,'Capulálpam de Méndez'),(1246,20,'San Mateo del Mar'),(1247,20,'San Mateo Yoloxochitlán'),(1248,20,'San Mateo Etlatongo'),(1249,20,'San Mateo Nejápam'),(1250,20,'San Mateo Peñasco'),(1251,20,'San Mateo Piñas'),(1252,20,'San Mateo Río Hondo'),(1253,20,'San Mateo Sindihui'),(1254,20,'San Mateo Tlapiltepec'),(1255,20,'San Melchor Betaza'),(1256,20,'San Miguel Achiutla'),(1257,20,'San Miguel Ahuehuetitlán'),(1258,20,'San Miguel Aloápam'),(1259,20,'San Miguel Amatitlán'),(1260,20,'San Miguel Amatlán'),(1261,20,'San Miguel Coatlán'),(1262,20,'San Miguel Chicahua'),(1263,20,'San Miguel Chimalapa'),(1264,20,'San Miguel del Puerto'),(1265,20,'San Miguel del Río'),(1266,20,'San Miguel Ejutla'),(1267,20,'San Miguel el Grande'),(1268,20,'San Miguel Huautla'),(1269,20,'San Miguel Mixtepec'),(1270,20,'San Miguel Panixtlahuaca'),(1271,20,'San Miguel Peras'),(1272,20,'San Miguel Piedras'),(1273,20,'San Miguel Quetzaltepec'),(1274,20,'San Miguel Santa Flor'),(1275,20,'Villa Sola de Vega'),(1276,20,'San Miguel Soyaltepec'),(1277,20,'San Miguel Suchixtepec'),(1278,20,'Villa Talea de Castro'),(1279,20,'San Miguel Tecomatlán'),(1280,20,'San Miguel Tenango'),(1281,20,'San Miguel Tequixtepec'),(1282,20,'San Miguel Tilquiápam'),(1283,20,'San Miguel Tlacamama'),(1284,20,'San Miguel Tlacotepec'),(1285,20,'San Miguel Tulancingo'),(1286,20,'San Miguel Yotao'),(1287,20,'San Nicolás'),(1288,20,'San Nicolás Hidalgo'),(1289,20,'San Pablo Coatlán'),(1290,20,'San Pablo Cuatro Venados'),(1291,20,'San Pablo Etla'),(1292,20,'San Pablo Huitzo'),(1293,20,'San Pablo Huixtepec'),(1294,20,'San Pablo Macuiltianguis'),(1295,20,'San Pablo Tijaltepec'),(1296,20,'San Pablo Villa de Mitla'),(1297,20,'San Pablo Yaganiza'),(1298,20,'San Pedro Amuzgos'),(1299,20,'San Pedro Apóstol'),(1300,20,'San Pedro Atoyac'),(1301,20,'San Pedro Cajonos'),(1302,20,'San Pedro Coxcaltepec Cántaros'),(1303,20,'San Pedro Comitancillo'),(1304,20,'San Pedro el Alto'),(1305,20,'San Pedro Huamelula'),(1306,20,'San Pedro Huilotepec'),(1307,20,'San Pedro Ixcatlán'),(1308,20,'San Pedro Ixtlahuaca'),(1309,20,'San Pedro Jaltepetongo'),(1310,20,'San Pedro Jicayán'),(1311,20,'San Pedro Jocotipac'),(1312,20,'San Pedro Juchatengo'),(1313,20,'San Pedro Mártir'),(1314,20,'San Pedro Mártir Quiechapa'),(1315,20,'San Pedro Mártir Yucuxaco'),(1316,20,'San Pedro Mixtepec -Dto. 22 -'),(1317,20,'San Pedro Mixtepec -Dto. 26 -'),(1318,20,'San Pedro Molinos'),(1319,20,'San Pedro Nopala'),(1320,20,'San Pedro Ocopetatillo'),(1321,20,'San Pedro Ocotepec'),(1322,20,'San Pedro Pochutla'),(1323,20,'San Pedro Quiatoni'),(1324,20,'San Pedro Sochiápam'),(1325,20,'San Pedro Tapanatepec'),(1326,20,'San Pedro Taviche'),(1327,20,'San Pedro Teozacoalco'),(1328,20,'San Pedro Teutila'),(1329,20,'San Pedro Tidaá'),(1330,20,'San Pedro Topiltepec'),(1331,20,'San Pedro Totolápam'),(1332,20,'Villa de Tututepec de Melchor Ocampo'),(1333,20,'San Pedro Yaneri'),(1334,20,'San Pedro Yólox'),(1335,20,'San Pedro y San Pablo Ayutla'),(1336,20,'Villa de Etla'),(1337,20,'San Pedro y San Pablo Teposcolula'),(1338,20,'San Pedro y San Pablo Tequixtepec'),(1339,20,'San Pedro Yucunama'),(1340,20,'San Raymundo Jalpan'),(1341,20,'San Sebastián Abasolo'),(1342,20,'San Sebastián Coatlán'),(1343,20,'San Sebastián Ixcapa'),(1344,20,'San Sebastián Nicananduta'),(1345,20,'San Sebastián Río Hondo'),(1346,20,'San Sebastián Tecomaxtlahuaca'),(1347,20,'San Sebastián Teitipac'),(1348,20,'San Sebastián Tutla'),(1349,20,'San Simón Almolongas'),(1350,20,'San Simón Zahuatlán'),(1351,20,'Santa Ana'),(1352,20,'Santa Ana Ateixtlahuaca'),(1353,20,'Santa Ana Cuauhtémoc'),(1354,20,'Santa Ana del Valle'),(1355,20,'Santa Ana Tavela'),(1356,20,'Santa Ana Tlapacoyan'),(1357,20,'Santa Ana Yareni'),(1358,20,'Santa Ana Zegache'),(1359,20,'Santa Catalina Quierí'),(1360,20,'Santa Catarina Cuixtla'),(1361,20,'Santa Catarina Ixtepeji'),(1362,20,'Santa Catarina Juquila'),(1363,20,'Santa Catarina Lachatao'),(1364,20,'Santa Catarina Loxicha'),(1365,20,'Santa Catarina Mechoacán'),(1366,20,'Santa Catarina Minas'),(1367,20,'Santa Catarina Quiané'),(1368,20,'Santa Catarina Tayata'),(1369,20,'Santa Catarina Ticuá'),(1370,20,'Santa Catarina Yosonotú'),(1371,20,'Santa Catarina Zapoquila'),(1372,20,'Santa Cruz Acatepec'),(1373,20,'Santa Cruz Amilpas'),(1374,20,'Santa Cruz de Bravo'),(1375,20,'Santa Cruz Itundujia'),(1376,20,'Santa Cruz Mixtepec'),(1377,20,'Santa Cruz Nundaco'),(1378,20,'Santa Cruz Papalutla'),(1379,20,'Santa Cruz Tacache de Mina'),(1380,20,'Santa Cruz Tacahua'),(1381,20,'Santa Cruz Tayata'),(1382,20,'Santa Cruz Xitla'),(1383,20,'Santa Cruz Xoxocotlán'),(1384,20,'Santa Cruz Zenzontepec'),(1385,20,'Santa Gertrudis'),(1386,20,'Santa Inés del Monte'),(1387,20,'Santa Inés Yatzeche'),(1388,20,'Santa Lucía del Camino'),(1389,20,'Santa Lucía Miahuatlán'),(1390,20,'Santa Lucía Monteverde'),(1391,20,'Santa Lucía Ocotlán'),(1392,20,'Santa María Alotepec'),(1393,20,'Santa María Apazco'),(1394,20,'Santa María la Asunción'),(1395,20,'Heroica Ciudad de Tlaxiaco'),(1396,20,'Ayoquezco de Aldama'),(1397,20,'Santa María Atzompa'),(1398,20,'Santa María Camotlán'),(1399,20,'Santa María Colotepec'),(1400,20,'Santa María Cortijo'),(1401,20,'Santa María Coyotepec'),(1402,20,'Santa María Chachoápam'),(1403,20,'Villa de Chilapa de Díaz'),(1404,20,'Santa María Chilchotla'),(1405,20,'Santa María Chimalapa'),(1406,20,'Santa María del Rosario'),(1407,20,'Santa María del Tule'),(1408,20,'Santa María Ecatepec'),(1409,20,'Santa María Guelacé'),(1410,20,'Santa María Guienagati'),(1411,20,'Santa María Huatulco'),(1412,20,'Santa María Huazolotitlán'),(1413,20,'Santa María Ipalapa'),(1414,20,'Santa María Ixcatlán'),(1415,20,'Santa María Jacatepec'),(1416,20,'Santa María Jalapa del Marqués'),(1417,20,'Santa María Jaltianguis'),(1418,20,'Santa María Lachixío'),(1419,20,'Santa María Mixtequilla'),(1420,20,'Santa María Nativitas'),(1421,20,'Santa María Nduayaco'),(1422,20,'Santa María Ozolotepec'),(1423,20,'Santa María Pápalo'),(1424,20,'Santa María Peñoles'),(1425,20,'Santa María Petapa'),(1426,20,'Santa María Quiegolani'),(1427,20,'Santa María Sola'),(1428,20,'Santa María Tataltepec'),(1429,20,'Santa María Tecomavaca'),(1430,20,'Santa María Temaxcalapa'),(1431,20,'Santa María Temaxcaltepec'),(1432,20,'Santa María Teopoxco'),(1433,20,'Santa María Tepantlali'),(1434,20,'Santa María Texcatitlán'),(1435,20,'Santa María Tlahuitoltepec'),(1436,20,'Santa María Tlalixtac'),(1437,20,'Santa María Tonameca'),(1438,20,'Santa María Totolapilla'),(1439,20,'Santa María Xadani'),(1440,20,'Santa María Yalina'),(1441,20,'Santa María Yavesía'),(1442,20,'Santa María Yolotepec'),(1443,20,'Santa María Yosoyúa'),(1444,20,'Santa María Yucuhiti'),(1445,20,'Santa María Zacatepec'),(1446,20,'Santa María Zaniza'),(1447,20,'Santa María Zoquitlán'),(1448,20,'Santiago Amoltepec'),(1449,20,'Santiago Apoala'),(1450,20,'Santiago Apóstol'),(1451,20,'Santiago Astata'),(1452,20,'Santiago Atitlán'),(1453,20,'Santiago Ayuquililla'),(1454,20,'Santiago Cacaloxtepec'),(1455,20,'Santiago Camotlán'),(1456,20,'Santiago Comaltepec'),(1457,20,'Santiago Chazumba'),(1458,20,'Santiago Choápam'),(1459,20,'Santiago del Río'),(1460,20,'Santiago Huajolotitlán'),(1461,20,'Santiago Huauclilla'),(1462,20,'Santiago Ihuitlán Plumas'),(1463,20,'Santiago Ixcuintepec'),(1464,20,'Santiago Ixtayutla'),(1465,20,'Santiago Jamiltepec'),(1466,20,'Santiago Jocotepec'),(1467,20,'Santiago Juxtlahuaca'),(1468,20,'Santiago Lachiguiri'),(1469,20,'Santiago Lalopa'),(1470,20,'Santiago Laollaga'),(1471,20,'Santiago Laxopa'),(1472,20,'Santiago Llano Grande'),(1473,20,'Santiago Matatlán'),(1474,20,'Santiago Miltepec'),(1475,20,'Santiago Minas'),(1476,20,'Santiago Nacaltepec'),(1477,20,'Santiago Nejapilla'),(1478,20,'Santiago Nundiche'),(1479,20,'Santiago Nuyoó'),(1480,20,'Santiago Pinotepa Nacional'),(1481,20,'Santiago Suchilquitongo'),(1482,20,'Santiago Tamazola'),(1483,20,'Santiago Tapextla'),(1484,20,'Villa Tejúpam de la Unión'),(1485,20,'Santiago Tenango'),(1486,20,'Santiago Tepetlapa'),(1487,20,'Santiago Tetepec'),(1488,20,'Santiago Texcalcingo'),(1489,20,'Santiago Textitlán'),(1490,20,'Santiago Tilantongo'),(1491,20,'Santiago Tillo'),(1492,20,'Santiago Tlazoyaltepec'),(1493,20,'Santiago Xanica'),(1494,20,'Santiago Xiacuí'),(1495,20,'Santiago Yaitepec'),(1496,20,'Santiago Yaveo'),(1497,20,'Santiago Yolomécatl'),(1498,20,'Santiago Yosondúa'),(1499,20,'Santiago Yucuyachi'),(1500,20,'Santiago Zacatepec'),(1501,20,'Santiago Zoochila'),(1502,20,'Nuevo Zoquiápam'),(1503,20,'Santo Domingo Ingenio'),(1504,20,'Santo Domingo Albarradas'),(1505,20,'Santo Domingo Armenta'),(1506,20,'Santo Domingo Chihuitán'),(1507,20,'Santo Domingo de Morelos'),(1508,20,'Santo Domingo Ixcatlán'),(1509,20,'Santo Domingo Nuxaá'),(1510,20,'Santo Domingo Ozolotepec'),(1511,20,'Santo Domingo Petapa'),(1512,20,'Santo Domingo Roayaga'),(1513,20,'Santo Domingo Tehuantepec'),(1514,20,'Santo Domingo Teojomulco'),(1515,20,'Santo Domingo Tepuxtepec'),(1516,20,'Santo Domingo Tlatayápam'),(1517,20,'Santo Domingo Tomaltepec'),(1518,20,'Santo Domingo Tonalá'),(1519,20,'Santo Domingo Tonaltepec'),(1520,20,'Santo Domingo Xagacía'),(1521,20,'Santo Domingo Yanhuitlán'),(1522,20,'Santo Domingo Yodohino'),(1523,20,'Santo Domingo Zanatepec'),(1524,20,'Santos Reyes Nopala'),(1525,20,'Santos Reyes Pápalo'),(1526,20,'Santos Reyes Tepejillo'),(1527,20,'Santos Reyes Yucuná'),(1528,20,'Santo Tomás Jalieza'),(1529,20,'Santo Tomás Mazaltepec'),(1530,20,'Santo Tomás Ocotepec'),(1531,20,'Santo Tomás Tamazulapan'),(1532,20,'San Vicente Coatlán'),(1533,20,'San Vicente Lachixío'),(1534,20,'San Vicente Nuñú'),(1535,20,'Silacayoápam'),(1536,20,'Sitio de Xitlapehua'),(1537,20,'Soledad Etla'),(1538,20,'Villa de Tamazulápam del Progreso'),(1539,20,'Tanetze de Zaragoza'),(1540,20,'Taniche'),(1541,20,'Tataltepec de Valdés'),(1542,20,'Teococuilco de Marcos Pérez'),(1543,20,'Teotitlán de Flores Magón'),(1544,20,'Teotitlán del Valle'),(1545,20,'Teotongo'),(1546,20,'Tepelmeme Villa de Morelos'),(1547,20,'Tezoatlán de Segura y Luna'),(1548,20,'San Jerónimo Tlacochahuaya'),(1549,20,'Tlacolula de Matamoros'),(1550,20,'Tlacotepec Plumas'),(1551,20,'Tlalixtac de Cabrera'),(1552,20,'Totontepec Villa de Morelos'),(1553,20,'Trinidad Zaachila'),(1554,20,'La Trinidad Vista Hermosa'),(1555,20,'Unión Hidalgo'),(1556,20,'Valerio Trujano'),(1557,20,'San Juan Bautista Valle Nacional'),(1558,20,'Villa Díaz Ordaz'),(1559,20,'Yaxe'),(1560,20,'Magdalena Yodocono de Porfirio Díaz'),(1561,20,'Yogana'),(1562,20,'Yutanduchi de Guerrero'),(1563,20,'Villa de Zaachila'),(1564,20,'Zapotitlán del Río'),(1565,20,'Zapotitlán Lagunas'),(1566,20,'Zapotitlán Palmas'),(1567,20,'Santa Inés de Zaragoza'),(1568,20,'Zimatlán de Álvarez'),(1569,21,'Acajete'),(1570,21,'Acateno'),(1571,21,'Acatlán'),(1572,21,'Acatzingo'),(1573,21,'Acteopan'),(1574,21,'Ahuacatlán'),(1575,21,'Ahuatlán'),(1576,21,'Ahuazotepec'),(1577,21,'Ahuehuetitla'),(1578,21,'Ajalpan'),(1579,21,'Albino Zertuche'),(1580,21,'Aljojuca'),(1581,21,'Altepexi'),(1582,21,'Amixtlán'),(1583,21,'Amozoc'),(1584,21,'Aquixtla'),(1585,21,'Atempan'),(1586,21,'Atexcal'),(1587,21,'Atlixco'),(1588,21,'Atoyatempan'),(1589,21,'Atzala'),(1590,21,'Atzitzihuacán'),(1591,21,'Atzitzintla'),(1592,21,'Axutla'),(1593,21,'Ayotoxco de Guerrero'),(1594,21,'Calpan'),(1595,21,'Caltepec'),(1596,21,'Camocuautla'),(1597,21,'Caxhuacan'),(1598,21,'Coatepec'),(1599,21,'Coatzingo'),(1600,21,'Cohetzala'),(1601,21,'Cohuecan'),(1602,21,'Coronango'),(1603,21,'Coxcatlán'),(1604,21,'Coyomeapan'),(1605,21,'Coyotepec'),(1606,21,'Cuapiaxtla de Madero'),(1607,21,'Cuautempan'),(1608,21,'Cuautinchán'),(1609,21,'Cuautlancingo'),(1610,21,'Cuayuca de Andrade'),(1611,21,'Cuetzalan del Progreso'),(1612,21,'Cuyoaco'),(1613,21,'Chalchicomula de Sesma'),(1614,21,'Chapulco'),(1615,21,'Chiautla'),(1616,21,'Chiautzingo'),(1617,21,'Chiconcuautla'),(1618,21,'Chichiquila'),(1619,21,'Chietla'),(1620,21,'Chigmecatitlán'),(1621,21,'Chignahuapan'),(1622,21,'Chignautla'),(1623,21,'Chila'),(1624,21,'Chila de la Sal'),(1625,21,'Honey'),(1626,21,'Chilchotla'),(1627,21,'Chinantla'),(1628,21,'Domingo Arenas'),(1629,21,'Eloxochitlán'),(1630,21,'Epatlán'),(1631,21,'Esperanza'),(1632,21,'Francisco Z. Mena'),(1633,21,'General Felipe Ángeles'),(1634,21,'Guadalupe'),(1635,21,'Guadalupe Victoria'),(1636,21,'Hermenegildo Galeana'),(1637,21,'Huaquechula'),(1638,21,'Huatlatlauca'),(1639,21,'Huauchinango'),(1640,21,'Huehuetla'),(1641,21,'Huehuetlán el Chico'),(1642,21,'Huejotzingo'),(1643,21,'Hueyapan'),(1644,21,'Hueytamalco'),(1645,21,'Hueytlalpan'),(1646,21,'Huitzilan de Serdán'),(1647,21,'Huitziltepec'),(1648,21,'Atlequizayan'),(1649,21,'Ixcamilpa de Guerrero'),(1650,21,'Ixcaquixtla'),(1651,21,'Ixtacamaxtitlán'),(1652,21,'Ixtepec'),(1653,21,'Izúcar de Matamoros'),(1654,21,'Jalpan'),(1655,21,'Jolalpan'),(1656,21,'Jonotla'),(1657,21,'Jopala'),(1658,21,'Juan C. Bonilla'),(1659,21,'Juan Galindo'),(1660,21,'Juan N. Méndez'),(1661,21,'Lafragua'),(1662,21,'Libres'),(1663,21,'La Magdalena Tlatlauquitepec'),(1664,21,'Mazapiltepec de Juárez'),(1665,21,'Mixtla'),(1666,21,'Molcaxac'),(1667,21,'Cañada Morelos'),(1668,21,'Naupan'),(1669,21,'Nauzontla'),(1670,21,'Nealtican'),(1671,21,'Nicolás Bravo'),(1672,21,'Nopalucan'),(1673,21,'Ocotepec'),(1674,21,'Ocoyucan'),(1675,21,'Olintla'),(1676,21,'Oriental'),(1677,21,'Pahuatlán'),(1678,21,'Palmar de Bravo'),(1679,21,'Pantepec'),(1680,21,'Petlalcingo'),(1681,21,'Piaxtla'),(1682,21,'Puebla'),(1683,21,'Quecholac'),(1684,21,'Quimixtlán'),(1685,21,'Rafael Lara Grajales'),(1686,21,'Los Reyes de Juárez'),(1687,21,'San Andrés Cholula'),(1688,21,'San Antonio Cañada'),(1689,21,'San Diego la Mesa Tochimiltzingo'),(1690,21,'San Felipe Teotlalcingo'),(1691,21,'San Felipe Tepatlán'),(1692,21,'San Gabriel Chilac'),(1693,21,'San Gregorio Atzompa'),(1694,21,'San Jerónimo Tecuanipan'),(1695,21,'San Jerónimo Xayacatlán'),(1696,21,'San José Chiapa'),(1697,21,'San José Miahuatlán'),(1698,21,'San Juan Atenco'),(1699,21,'San Juan Atzompa'),(1700,21,'San Martín Texmelucan'),(1701,21,'San Martín Totoltepec'),(1702,21,'San Matías Tlalancaleca'),(1703,21,'San Miguel Ixitlán'),(1704,21,'San Miguel Xoxtla'),(1705,21,'San Nicolás Buenos Aires'),(1706,21,'San Nicolás de los Ranchos'),(1707,21,'San Pablo Anicano'),(1708,21,'San Pedro Cholula'),(1709,21,'San Pedro Yeloixtlahuaca'),(1710,21,'San Salvador el Seco'),(1711,21,'San Salvador el Verde'),(1712,21,'San Salvador Huixcolotla'),(1713,21,'San Sebastián Tlacotepec'),(1714,21,'Santa Catarina Tlaltempan'),(1715,21,'Santa Inés Ahuatempan'),(1716,21,'Santa Isabel Cholula'),(1717,21,'Santiago Miahuatlán'),(1718,21,'Huehuetlán el Grande'),(1719,21,'Santo Tomás Hueyotlipan'),(1720,21,'Soltepec'),(1721,21,'Tecali de Herrera'),(1722,21,'Tecamachalco'),(1723,21,'Tecomatlán'),(1724,21,'Tehuacán'),(1725,21,'Tehuitzingo'),(1726,21,'Tenampulco'),(1727,21,'Teopantlán'),(1728,21,'Teotlalco'),(1729,21,'Tepanco de López'),(1730,21,'Tepango de Rodríguez'),(1731,21,'Tepatlaxco de Hidalgo'),(1732,21,'Tepeaca'),(1733,21,'Tepemaxalco'),(1734,21,'Tepeojuma'),(1735,21,'Tepetzintla'),(1736,21,'Tepexco'),(1737,21,'Tepexi de Rodríguez'),(1738,21,'Tepeyahualco'),(1739,21,'Tepeyahualco de Cuauhtémoc'),(1740,21,'Tetela de Ocampo'),(1741,21,'Teteles de Avila Castillo'),(1742,21,'Teziutlán'),(1743,21,'Tianguismanalco'),(1744,21,'Tilapa'),(1745,21,'Tlacotepec de Benito Juárez'),(1746,21,'Tlacuilotepec'),(1747,21,'Tlachichuca'),(1748,21,'Tlahuapan'),(1749,21,'Tlaltenango'),(1750,21,'Tlanepantla'),(1751,21,'Tlaola'),(1752,21,'Tlapacoya'),(1753,21,'Tlapanalá'),(1754,21,'Tlatlauquitepec'),(1755,21,'Tlaxco'),(1756,21,'Tochimilco'),(1757,21,'Tochtepec'),(1758,21,'Totoltepec de Guerrero'),(1759,21,'Tulcingo'),(1760,21,'Tuzamapan de Galeana'),(1761,21,'Tzicatlacoyan'),(1762,21,'Venustiano Carranza'),(1763,21,'Vicente Guerrero'),(1764,21,'Xayacatlán de Bravo'),(1765,21,'Xicotepec'),(1766,21,'Xicotlán'),(1767,21,'Xiutetelco'),(1768,21,'Xochiapulco'),(1769,21,'Xochiltepec'),(1770,21,'Xochitlán de Vicente Suárez'),(1771,21,'Xochitlán Todos Santos'),(1772,21,'Yaonáhuac'),(1773,21,'Yehualtepec'),(1774,21,'Zacapala'),(1775,21,'Zacapoaxtla'),(1776,21,'Zacatlán'),(1777,21,'Zapotitlán'),(1778,21,'Zapotitlán de Méndez'),(1779,21,'Zaragoza'),(1780,21,'Zautla'),(1781,21,'Zihuateutla'),(1782,21,'Zinacatepec'),(1783,21,'Zongozotla'),(1784,21,'Zoquiapan'),(1785,21,'Zoquitlán'),(1786,22,'Amealco de Bonfil'),(1787,22,'Pinal de Amoles'),(1788,22,'Arroyo Seco'),(1789,22,'Cadereyta de Montes'),(1790,22,'Colón'),(1791,22,'Corregidora'),(1792,22,'Ezequiel Montes'),(1793,22,'Huimilpan'),(1794,22,'Jalpan de Serra'),(1795,22,'Landa de Matamoros'),(1796,22,'El Marqués'),(1797,22,'Pedro Escobedo'),(1798,22,'Peñamiller'),(1799,22,'Querétaro'),(1800,22,'San Joaquín'),(1801,22,'San Juan del Río'),(1802,22,'Tequisquiapan'),(1803,22,'Tolimán'),(1804,23,'Cozumel'),(1805,23,'Felipe Carrillo Puerto'),(1806,23,'Isla Mujeres'),(1807,23,'Othón P. Blanco'),(1808,23,'Benito Juárez'),(1809,23,'José María Morelos'),(1810,23,'Lázaro Cárdenas'),(1811,23,'Solidaridad'),(1812,23,'Tulum'),(1813,24,'Ahualulco'),(1814,24,'Alaquines'),(1815,24,'Aquismón'),(1816,24,'Armadillo de los Infante'),(1817,24,'Cárdenas'),(1818,24,'Catorce'),(1819,24,'Cedral'),(1820,24,'Cerritos'),(1821,24,'Cerro de San Pedro'),(1822,24,'Ciudad del Maíz'),(1823,24,'Ciudad Fernández'),(1824,24,'Tancanhuitz'),(1825,24,'Ciudad Valles'),(1826,24,'Coxcatlán'),(1827,24,'Charcas'),(1828,24,'Ebano'),(1829,24,'Guadalcázar'),(1830,24,'Huehuetlán'),(1831,24,'Lagunillas'),(1832,24,'Matehuala'),(1833,24,'Mexquitic de Carmona'),(1834,24,'Moctezuma'),(1835,24,'Rayón'),(1836,24,'Rioverde'),(1837,24,'Salinas'),(1838,24,'San Antonio'),(1839,24,'San Ciro de Acosta'),(1840,24,'San Luis Potosí'),(1841,24,'San Martín Chalchicuautla'),(1842,24,'San Nicolás Tolentino'),(1843,24,'Santa Catarina'),(1844,24,'Santa María del Río'),(1845,24,'Santo Domingo'),(1846,24,'San Vicente Tancuayalab'),(1847,24,'Soledad de Graciano Sánchez'),(1848,24,'Tamasopo'),(1849,24,'Tamazunchale'),(1850,24,'Tampacán'),(1851,24,'Tampamolón Corona'),(1852,24,'Tamuín'),(1853,24,'Tanlajás'),(1854,24,'Tanquián de Escobedo'),(1855,24,'Tierra Nueva'),(1856,24,'Vanegas'),(1857,24,'Venado'),(1858,24,'Villa de Arriaga'),(1859,24,'Villa de Guadalupe'),(1860,24,'Villa de la Paz'),(1861,24,'Villa de Ramos'),(1862,24,'Villa de Reyes'),(1863,24,'Villa Hidalgo'),(1864,24,'Villa Juárez'),(1865,24,'Axtla de Terrazas'),(1866,24,'Xilitla'),(1867,24,'Zaragoza'),(1868,24,'Villa de Arista'),(1869,24,'Matlapa'),(1870,24,'El Naranjo'),(1871,25,'Ahome'),(1872,25,'Angostura'),(1873,25,'Badiraguato'),(1874,25,'Concordia'),(1875,25,'Cosalá'),(1876,25,'Culiacán'),(1877,25,'Choix'),(1878,25,'Elota'),(1879,25,'Escuinapa'),(1880,25,'El Fuerte'),(1881,25,'Guasave'),(1882,25,'Mazatlán'),(1883,25,'Mocorito'),(1884,25,'Rosario'),(1885,25,'Salvador Alvarado'),(1886,25,'San Ignacio'),(1887,25,'Sinaloa'),(1888,25,'Navolato'),(1889,26,'Aconchi'),(1890,26,'Agua Prieta'),(1891,26,'Alamos'),(1892,26,'Altar'),(1893,26,'Arivechi'),(1894,26,'Arizpe'),(1895,26,'Atil'),(1896,26,'Bacadéhuachi'),(1897,26,'Bacanora'),(1898,26,'Bacerac'),(1899,26,'Bacoachi'),(1900,26,'Bácum'),(1901,26,'Banámichi'),(1902,26,'Baviácora'),(1903,26,'Bavispe'),(1904,26,'Benjamín Hill'),(1905,26,'Caborca'),(1906,26,'Cajeme'),(1907,26,'Cananea'),(1908,26,'Carbó'),(1909,26,'La Colorada'),(1910,26,'Cucurpe'),(1911,26,'Cumpas'),(1912,26,'Divisaderos'),(1913,26,'Empalme'),(1914,26,'Etchojoa'),(1915,26,'Fronteras'),(1916,26,'Granados'),(1917,26,'Guaymas'),(1918,26,'Hermosillo'),(1919,26,'Huachinera'),(1920,26,'Huásabas'),(1921,26,'Huatabampo'),(1922,26,'Huépac'),(1923,26,'Imuris'),(1924,26,'Magdalena'),(1925,26,'Mazatán'),(1926,26,'Moctezuma'),(1927,26,'Naco'),(1928,26,'Nácori Chico'),(1929,26,'Nacozari de García'),(1930,26,'Navojoa'),(1931,26,'Nogales'),(1932,26,'Onavas'),(1933,26,'Opodepe'),(1934,26,'Oquitoa'),(1935,26,'Pitiquito'),(1936,26,'Puerto Peñasco'),(1937,26,'Quiriego'),(1938,26,'Rayón'),(1939,26,'Rosario'),(1940,26,'Sahuaripa'),(1941,26,'San Felipe de Jesús'),(1942,26,'San Javier'),(1943,26,'San Luis Río Colorado'),(1944,26,'San Miguel de Horcasitas'),(1945,26,'San Pedro de la Cueva'),(1946,26,'Santa Ana'),(1947,26,'Santa Cruz'),(1948,26,'Sáric'),(1949,26,'Soyopa'),(1950,26,'Suaqui Grande'),(1951,26,'Tepache'),(1952,26,'Trincheras'),(1953,26,'Tubutama'),(1954,26,'Ures'),(1955,26,'Villa Hidalgo'),(1956,26,'Villa Pesqueira'),(1957,26,'Yécora'),(1958,26,'General Plutarco Elías Calles'),(1959,26,'Benito Juárez'),(1960,26,'San Ignacio Río Muerto'),(1961,27,'Balancán'),(1962,27,'Cárdenas'),(1963,27,'Centla'),(1964,27,'Centro'),(1965,27,'Comalcalco'),(1966,27,'Cunduacán'),(1967,27,'Emiliano Zapata'),(1968,27,'Huimanguillo'),(1969,27,'Jalapa'),(1970,27,'Jalpa de Méndez'),(1971,27,'Jonuta'),(1972,27,'Macuspana'),(1973,27,'Nacajuca'),(1974,27,'Paraíso'),(1975,27,'Tacotalpa'),(1976,27,'Teapa'),(1977,27,'Tenosique'),(1978,28,'Abasolo'),(1979,28,'Aldama'),(1980,28,'Altamira'),(1981,28,'Antiguo Morelos'),(1982,28,'Burgos'),(1983,28,'Bustamante'),(1984,28,'Camargo'),(1985,28,'Casas'),(1986,28,'Ciudad Madero'),(1987,28,'Cruillas'),(1988,28,'Gómez Farías'),(1989,28,'González'),(1990,28,'Güémez'),(1991,28,'Guerrero'),(1992,28,'Gustavo Díaz Ordaz'),(1993,28,'Hidalgo'),(1994,28,'Jaumave'),(1995,28,'Jiménez'),(1996,28,'Llera'),(1997,28,'Mainero'),(1998,28,'El Mante'),(1999,28,'Matamoros'),(2000,28,'Méndez'),(2001,28,'Mier'),(2002,28,'Miguel Alemán'),(2003,28,'Miquihuana'),(2004,28,'Nuevo Laredo'),(2005,28,'Nuevo Morelos'),(2006,28,'Ocampo'),(2007,28,'Padilla'),(2008,28,'Palmillas'),(2009,28,'Reynosa'),(2010,28,'Río Bravo'),(2011,28,'San Carlos'),(2012,28,'San Fernando'),(2013,28,'San Nicolás'),(2014,28,'Soto la Marina'),(2015,28,'Tampico'),(2016,28,'Tula'),(2017,28,'Valle Hermoso'),(2018,28,'Victoria'),(2019,28,'Villagrán'),(2020,28,'Xicoténcatl'),(2021,29,'Amaxac de Guerrero'),(2022,29,'Apetatitlán de Antonio Carvajal'),(2023,29,'Atlangatepec'),(2024,29,'Atltzayanca'),(2025,29,'Apizaco'),(2026,29,'Calpulalpan'),(2027,29,'El Carmen Tequexquitla'),(2028,29,'Cuapiaxtla'),(2029,29,'Cuaxomulco'),(2030,29,'Chiautempan'),(2031,29,'Muñoz de Domingo Arenas'),(2032,29,'Españita'),(2033,29,'Huamantla'),(2034,29,'Hueyotlipan'),(2035,29,'Ixtacuixtla de Mariano Matamoros'),(2036,29,'Ixtenco'),(2037,29,'Mazatecochco de José María Morelos'),(2038,29,'Contla de Juan Cuamatzi'),(2039,29,'Tepetitla de Lardizábal'),(2040,29,'Sanctórum de Lázaro Cárdenas'),(2041,29,'Nanacamilpa de Mariano Arista'),(2042,29,'Acuamanala de Miguel Hidalgo'),(2043,29,'Natívitas'),(2044,29,'Panotla'),(2045,29,'San Pablo del Monte'),(2046,29,'Santa Cruz Tlaxcala'),(2047,29,'Tenancingo'),(2048,29,'Teolocholco'),(2049,29,'Tepeyanco'),(2050,29,'Terrenate'),(2051,29,'Tetla de la Solidaridad'),(2052,29,'Tetlatlahuca'),(2053,29,'Tlaxcala'),(2054,29,'Tlaxco'),(2055,29,'Tocatlán'),(2056,29,'Totolac'),(2057,29,'Ziltlaltépec de Trinidad Sánchez Santos'),(2058,29,'Tzompantepec'),(2059,29,'Xaloztoc'),(2060,29,'Xaltocan'),(2061,29,'Papalotla de Xicohténcatl'),(2062,29,'Xicohtzinco'),(2063,29,'Yauhquemehcan'),(2064,29,'Zacatelco'),(2065,29,'Benito Juárez'),(2066,29,'Emiliano Zapata'),(2067,29,'Lázaro Cárdenas'),(2068,29,'La Magdalena Tlaltelulco'),(2069,29,'San Damián Texóloc'),(2070,29,'San Francisco Tetlanohcan'),(2071,29,'San Jerónimo Zacualpan'),(2072,29,'San José Teacalco'),(2073,29,'San Juan Huactzinco'),(2074,29,'San Lorenzo Axocomanitla'),(2075,29,'San Lucas Tecopilco'),(2076,29,'Santa Ana Nopalucan'),(2077,29,'Santa Apolonia Teacalco'),(2078,29,'Santa Catarina Ayometla'),(2079,29,'Santa Cruz Quilehtla'),(2080,29,'Santa Isabel Xiloxoxtla'),(2081,30,'Acajete'),(2082,30,'Acatlán'),(2083,30,'Acayucan'),(2084,30,'Actopan'),(2085,30,'Acula'),(2086,30,'Acultzingo'),(2087,30,'Camarón de Tejeda'),(2088,30,'Alpatláhuac'),(2089,30,'Alto Lucero de Gutiérrez Barrios'),(2090,30,'Altotonga'),(2091,30,'Alvarado'),(2092,30,'Amatitlán'),(2093,30,'Naranjos Amatlán'),(2094,30,'Amatlán de los Reyes'),(2095,30,'Angel R. Cabada'),(2096,30,'La Antigua'),(2097,30,'Apazapan'),(2098,30,'Aquila'),(2099,30,'Astacinga'),(2100,30,'Atlahuilco'),(2101,30,'Atoyac'),(2102,30,'Atzacan'),(2103,30,'Atzalan'),(2104,30,'Tlaltetela'),(2105,30,'Ayahualulco'),(2106,30,'Banderilla'),(2107,30,'Benito Juárez'),(2108,30,'Boca del Río'),(2109,30,'Calcahualco'),(2110,30,'Camerino Z. Mendoza'),(2111,30,'Carrillo Puerto'),(2112,30,'Catemaco'),(2113,30,'Cazones de Herrera'),(2114,30,'Cerro Azul'),(2115,30,'Citlaltépetl'),(2116,30,'Coacoatzintla'),(2117,30,'Coahuitlán'),(2118,30,'Coatepec'),(2119,30,'Coatzacoalcos'),(2120,30,'Coatzintla'),(2121,30,'Coetzala'),(2122,30,'Colipa'),(2123,30,'Comapa'),(2124,30,'Córdoba'),(2125,30,'Cosamaloapan de Carpio'),(2126,30,'Cosautlán de Carvajal'),(2127,30,'Coscomatepec'),(2128,30,'Cosoleacaque'),(2129,30,'Cotaxtla'),(2130,30,'Coxquihui'),(2131,30,'Coyutla'),(2132,30,'Cuichapa'),(2133,30,'Cuitláhuac'),(2134,30,'Chacaltianguis'),(2135,30,'Chalma'),(2136,30,'Chiconamel'),(2137,30,'Chiconquiaco'),(2138,30,'Chicontepec'),(2139,30,'Chinameca'),(2140,30,'Chinampa de Gorostiza'),(2141,30,'Las Choapas'),(2142,30,'Chocamán'),(2143,30,'Chontla'),(2144,30,'Chumatlán'),(2145,30,'Emiliano Zapata'),(2146,30,'Espinal'),(2147,30,'Filomeno Mata'),(2148,30,'Fortín'),(2149,30,'Gutiérrez Zamora'),(2150,30,'Hidalgotitlán'),(2151,30,'Huatusco'),(2152,30,'Huayacocotla'),(2153,30,'Hueyapan de Ocampo'),(2154,30,'Huiloapan de Cuauhtémoc'),(2155,30,'Ignacio de la Llave'),(2156,30,'Ilamatlán'),(2157,30,'Isla'),(2158,30,'Ixcatepec'),(2159,30,'Ixhuacán de los Reyes'),(2160,30,'Ixhuatlán del Café'),(2161,30,'Ixhuatlancillo'),(2162,30,'Ixhuatlán del Sureste'),(2163,30,'Ixhuatlán de Madero'),(2164,30,'Ixmatlahuacan'),(2165,30,'Ixtaczoquitlán'),(2166,30,'Jalacingo'),(2167,30,'Xalapa'),(2168,30,'Jalcomulco'),(2169,30,'Jáltipan'),(2170,30,'Jamapa'),(2171,30,'Jesús Carranza'),(2172,30,'Xico'),(2173,30,'Jilotepec'),(2174,30,'Juan Rodríguez Clara'),(2175,30,'Juchique de Ferrer'),(2176,30,'Landero y Coss'),(2177,30,'Lerdo de Tejada'),(2178,30,'Magdalena'),(2179,30,'Maltrata'),(2180,30,'Manlio Fabio Altamirano'),(2181,30,'Mariano Escobedo'),(2182,30,'Martínez de la Torre'),(2183,30,'Mecatlán'),(2184,30,'Mecayapan'),(2185,30,'Medellín'),(2186,30,'Miahuatlán'),(2187,30,'Las Minas'),(2188,30,'Minatitlán'),(2189,30,'Misantla'),(2190,30,'Mixtla de Altamirano'),(2191,30,'Moloacán'),(2192,30,'Naolinco'),(2193,30,'Naranjal'),(2194,30,'Nautla'),(2195,30,'Nogales'),(2196,30,'Oluta'),(2197,30,'Omealca'),(2198,30,'Orizaba'),(2199,30,'Otatitlán'),(2200,30,'Oteapan'),(2201,30,'Ozuluama de Mascareñas'),(2202,30,'Pajapan'),(2203,30,'Pánuco'),(2204,30,'Papantla'),(2205,30,'Paso del Macho'),(2206,30,'Paso de Ovejas'),(2207,30,'La Perla'),(2208,30,'Perote'),(2209,30,'Platón Sánchez'),(2210,30,'Playa Vicente'),(2211,30,'Poza Rica de Hidalgo'),(2212,30,'Las Vigas de Ramírez'),(2213,30,'Pueblo Viejo'),(2214,30,'Puente Nacional'),(2215,30,'Rafael Delgado'),(2216,30,'Rafael Lucio'),(2217,30,'Los Reyes'),(2218,30,'Río Blanco'),(2219,30,'Saltabarranca'),(2220,30,'San Andrés Tenejapan'),(2221,30,'San Andrés Tuxtla'),(2222,30,'San Juan Evangelista'),(2223,30,'Santiago Tuxtla'),(2224,30,'Sayula de Alemán'),(2225,30,'Soconusco'),(2226,30,'Sochiapa'),(2227,30,'Soledad Atzompa'),(2228,30,'Soledad de Doblado'),(2229,30,'Soteapan'),(2230,30,'Tamalín'),(2231,30,'Tamiahua'),(2232,30,'Tampico Alto'),(2233,30,'Tancoco'),(2234,30,'Tantima'),(2235,30,'Tantoyuca'),(2236,30,'Tatatila'),(2237,30,'Castillo de Teayo'),(2238,30,'Tecolutla'),(2239,30,'Tehuipango'),(2240,30,'Álamo Temapache'),(2241,30,'Tempoal'),(2242,30,'Tenampa'),(2243,30,'Tenochtitlán'),(2244,30,'Teocelo'),(2245,30,'Tepatlaxco'),(2246,30,'Tepetlán'),(2247,30,'Tepetzintla'),(2248,30,'Tequila'),(2249,30,'José Azueta'),(2250,30,'Texcatepec'),(2251,30,'Texhuacán'),(2252,30,'Texistepec'),(2253,30,'Tezonapa'),(2254,30,'Tierra Blanca'),(2255,30,'Tihuatlán'),(2256,30,'Tlacojalpan'),(2257,30,'Tlacolulan'),(2258,30,'Tlacotalpan'),(2259,30,'Tlacotepec de Mejía'),(2260,30,'Tlachichilco'),(2261,30,'Tlalixcoyan'),(2262,30,'Tlalnelhuayocan'),(2263,30,'Tlapacoyan'),(2264,30,'Tlaquilpa'),(2265,30,'Tlilapan'),(2266,30,'Tomatlán'),(2267,30,'Tonayán'),(2268,30,'Totutla'),(2269,30,'Tuxpan'),(2270,30,'Tuxtilla'),(2271,30,'Ursulo Galván'),(2272,30,'Vega de Alatorre'),(2273,30,'Veracruz'),(2274,30,'Villa Aldama'),(2275,30,'Xoxocotla'),(2276,30,'Yanga'),(2277,30,'Yecuatla'),(2278,30,'Zacualpan'),(2279,30,'Zaragoza'),(2280,30,'Zentla'),(2281,30,'Zongolica'),(2282,30,'Zontecomatlán de López y Fuentes'),(2283,30,'Zozocolco de Hidalgo'),(2284,30,'Agua Dulce'),(2285,30,'El Higo'),(2286,30,'Nanchital de Lázaro Cárdenas del Río'),(2287,30,'Tres Valles'),(2288,30,'Carlos A. Carrillo'),(2289,30,'Tatahuicapan de Juárez'),(2290,30,'Uxpanapa'),(2291,30,'San Rafael'),(2292,30,'Santiago Sochiapan'),(2293,31,'Abalá'),(2294,31,'Acanceh'),(2295,31,'Akil'),(2296,31,'Baca'),(2297,31,'Bokobá'),(2298,31,'Buctzotz'),(2299,31,'Cacalchén'),(2300,31,'Calotmul'),(2301,31,'Cansahcab'),(2302,31,'Cantamayec'),(2303,31,'Celestún'),(2304,31,'Cenotillo'),(2305,31,'Conkal'),(2306,31,'Cuncunul'),(2307,31,'Cuzamá'),(2308,31,'Chacsinkín'),(2309,31,'Chankom'),(2310,31,'Chapab'),(2311,31,'Chemax'),(2312,31,'Chicxulub Pueblo'),(2313,31,'Chichimilá'),(2314,31,'Chikindzonot'),(2315,31,'Chocholá'),(2316,31,'Chumayel'),(2317,31,'Dzán'),(2318,31,'Dzemul'),(2319,31,'Dzidzantún'),(2320,31,'Dzilam de Bravo'),(2321,31,'Dzilam González'),(2322,31,'Dzitás'),(2323,31,'Dzoncauich'),(2324,31,'Espita'),(2325,31,'Halachó'),(2326,31,'Hocabá'),(2327,31,'Hoctún'),(2328,31,'Homún'),(2329,31,'Huhí'),(2330,31,'Hunucmá'),(2331,31,'Ixil'),(2332,31,'Izamal'),(2333,31,'Kanasín'),(2334,31,'Kantunil'),(2335,31,'Kaua'),(2336,31,'Kinchil'),(2337,31,'Kopomá'),(2338,31,'Mama'),(2339,31,'Maní'),(2340,31,'Maxcanú'),(2341,31,'Mayapán'),(2342,31,'Mérida'),(2343,31,'Mocochá'),(2344,31,'Motul'),(2345,31,'Muna'),(2346,31,'Muxupip'),(2347,31,'Opichén'),(2348,31,'Oxkutzcab'),(2349,31,'Panabá'),(2350,31,'Peto'),(2351,31,'Progreso'),(2352,31,'Quintana Roo'),(2353,31,'Río Lagartos'),(2354,31,'Sacalum'),(2355,31,'Samahil'),(2356,31,'Sanahcat'),(2357,31,'San Felipe'),(2358,31,'Santa Elena'),(2359,31,'Seyé'),(2360,31,'Sinanché'),(2361,31,'Sotuta'),(2362,31,'Sucilá'),(2363,31,'Sudzal'),(2364,31,'Suma'),(2365,31,'Tahdziú'),(2366,31,'Tahmek'),(2367,31,'Teabo'),(2368,31,'Tecoh'),(2369,31,'Tekal de Venegas'),(2370,31,'Tekantó'),(2371,31,'Tekax'),(2372,31,'Tekit'),(2373,31,'Tekom'),(2374,31,'Telchac Pueblo'),(2375,31,'Telchac Puerto'),(2376,31,'Temax'),(2377,31,'Temozón'),(2378,31,'Tepakán'),(2379,31,'Tetiz'),(2380,31,'Teya'),(2381,31,'Ticul'),(2382,31,'Timucuy'),(2383,31,'Tinum'),(2384,31,'Tixcacalcupul'),(2385,31,'Tixkokob'),(2386,31,'Tixmehuac'),(2387,31,'Tixpéhual'),(2388,31,'Tizimín'),(2389,31,'Tunkás'),(2390,31,'Tzucacab'),(2391,31,'Uayma'),(2392,31,'Ucú'),(2393,31,'Umán'),(2394,31,'Valladolid'),(2395,31,'Xocchel'),(2396,31,'Yaxcabá'),(2397,31,'Yaxkukul'),(2398,31,'Yobaín'),(2399,32,'Apozol'),(2400,32,'Apulco'),(2401,32,'Atolinga'),(2402,32,'Benito Juárez'),(2403,32,'Calera'),(2404,32,'Cañitas de Felipe Pescador'),(2405,32,'Concepción del Oro'),(2406,32,'Cuauhtémoc'),(2407,32,'Chalchihuites'),(2408,32,'Fresnillo'),(2409,32,'Trinidad García de la Cadena'),(2410,32,'Genaro Codina'),(2411,32,'General Enrique Estrada'),(2412,32,'General Francisco R. Murguía'),(2413,32,'El Plateado de Joaquín Amaro'),(2414,32,'General Pánfilo Natera'),(2415,32,'Guadalupe'),(2416,32,'Huanusco'),(2417,32,'Jalpa'),(2418,32,'Jerez'),(2419,32,'Jiménez del Teul'),(2420,32,'Juan Aldama'),(2421,32,'Juchipila'),(2422,32,'Loreto'),(2423,32,'Luis Moya'),(2424,32,'Mazapil'),(2425,32,'Melchor Ocampo'),(2426,32,'Mezquital del Oro'),(2427,32,'Miguel Auza'),(2428,32,'Momax'),(2429,32,'Monte Escobedo'),(2430,32,'Morelos'),(2431,32,'Moyahua de Estrada'),(2432,32,'Nochistlán de Mejía'),(2433,32,'Noria de Ángeles'),(2434,32,'Ojocaliente'),(2435,32,'Pánuco'),(2436,32,'Pinos'),(2437,32,'Río Grande'),(2438,32,'Sain Alto'),(2439,32,'El Salvador'),(2440,32,'Sombrerete'),(2441,32,'Susticacán'),(2442,32,'Tabasco'),(2443,32,'Tepechitlán'),(2444,32,'Tepetongo'),(2445,32,'Teúl de González Ortega'),(2446,32,'Tlaltenango de Sánchez Román'),(2447,32,'Valparaíso'),(2448,32,'Vetagrande'),(2449,32,'Villa de Cos'),(2450,32,'Villa García'),(2451,32,'Villa González Ortega'),(2452,32,'Villa Hidalgo'),(2453,32,'Villanueva'),(2454,32,'Zacatecas'),(2455,32,'Trancoso'),(2456,32,'Santa María de la Paz');
/*!40000 ALTER TABLE `municipio` ENABLE KEYS */;
UNLOCK TABLES;

--
-- Table structure for table `privilegio`
--

DROP TABLE IF EXISTS `privilegio`;
/*!40101 SET @saved_cs_client     = @@character_set_client */;
/*!50503 SET character_set_client = utf8mb4 */;
CREATE TABLE `privilegio` (
  `id_privilegio` int NOT NULL AUTO_INCREMENT,
  `privilegio` varchar(50) NOT NULL,
  PRIMARY KEY (`id_privilegio`)
) ENGINE=InnoDB DEFAULT CHARSET=utf8mb4 COLLATE=utf8mb4_0900_ai_ci;
/*!40101 SET character_set_client = @saved_cs_client */;

--
-- Dumping data for table `privilegio`
--

LOCK TABLES `privilegio` WRITE;
/*!40000 ALTER TABLE `privilegio` DISABLE KEYS */;
/*!40000 ALTER TABLE `privilegio` ENABLE KEYS */;
UNLOCK TABLES;

--
-- Table structure for table `producto`
--

DROP TABLE IF EXISTS `producto`;
/*!40101 SET @saved_cs_client     = @@character_set_client */;
/*!50503 SET character_set_client = utf8mb4 */;
CREATE TABLE `producto` (
  `id_producto` int NOT NULL AUTO_INCREMENT,
  `id_categoria` int NOT NULL,
  `nombre` varchar(100) NOT NULL,
  `imagen` varchar(300) DEFAULT NULL,
  `precio_original` decimal(10,2) NOT NULL,
  `precio_venta` decimal(10,2) NOT NULL,
  `descripcion` text NOT NULL,
  `rating` int DEFAULT NULL,
  `cantidad` int DEFAULT NULL,
  PRIMARY KEY (`id_producto`)
) ENGINE=InnoDB AUTO_INCREMENT=55 DEFAULT CHARSET=utf8mb4 COLLATE=utf8mb4_0900_ai_ci;
/*!40101 SET character_set_client = @saved_cs_client */;

--
-- Dumping data for table `producto`
--

LOCK TABLES `producto` WRITE;
/*!40000 ALTER TABLE `producto` DISABLE KEYS */;
INSERT INTO `producto` VALUES (1,1,'MEGA Hot Wheels Juguete de Construccion Collector Big Foot','construccion/MEGA_Hot_Wheels_Juguete_de_Construccion_Collector_Big_Foot0.jpg',1799.00,1799.00,'\r\n<p>!Preparate para construir este carro monstruoso de Hot Wheels! Este juguete armable de camion imita los detalles autenticos de los carros reales y cuenta con caracteristicas de lujo, como las enormes ruedas giratorias, el asiento del conductor y el capo que se abre para revelar el motor desmontable, la suspension y los detalles del interior del juguete para armar. Tal vez esta iconico Monster Truck Hot Wheels(r) haya sido disenado para aplastar a su competidor, pero ahora esta listo para la aventura.  </p><ul>\r\n<li>KIT DE CONSTRUCCION de 538 piezas a gran escala (1:18) para adultos, con diseno, decoracion y graficos iconicos  y autenticos.<li><li> JUGUETE ARMABLE para construir un carro y crear historias. Incluye modelo Bigfoot(tm) de metal .<li><li>ARMA UN CARRO DE JUGUETE con ruedas giratorias, asiento del conductor y capo abierto que revela el motor y la suspension.<li><li> Los 538 bloques y piezas son combinables con todos los sets de construccion MEGA(tm) y son compatibles con otras marcas  <li><li> Ideal para ninos de 10 anos en adelante, este juguete de construccion ofrece experiencias de juego y construccion que permiten desarrollar la creatividad y las habilidades de resolucion de problemas  <li>\r\n</ul>\r\n',1,62),(2,1,'MEGA Hot Wheels Juguete de Construccion Monster Trucks S&C Tiger Shark Chomp Course','construccion/MEGA_Hot_Wheels_Juguete_de_Construccion_Monster_Trucks_S&C_Tiger_Shark_Chomp_Course0.jpg',799.00,799.00,'\r\n<p>Preparate para la accion Smash &amp; Crash. Equipado con un trabajo de pintura a rayas de tigre y una carroceria con aleta de tiburon, este vehiculo armable Monster Truck cuenta con detalles autenticos y con rampas y aro de fuego para navegar. Construye, corre, choca y aplasta cuando pongas la microfigura de accion incluida en el asiento del conductor, tira y suelta, y observa como el capo se sale con el impacto.</p><ul>\r\n<li>Set de construccion de 226 piezas Smash &amp; Crash Tiger Shark Chomp Course de Hot Wheels basado en el modelo favorito de los fans<li><li>Incluye funcion de liberacion y extraccion de Smash &amp; Crash: el capo se sale con el impacto<li><li>Cuenta con un trabajo de pintura con rayas de tigre, carroceria con aleta de tiburon y una microfigura de accion articulada de conductor<li><li>Las piezas se combinan con todos los sets de construccion de Hot Wheels de MEGA y son compatibles con otras marcas<li><li>Estos juguetes de construccion, ideales para ninos de 5 anos en adelante, ayudan a desarrollar la creatividad y las habilidades de resolucion de problemas<li>\r\n</ul>\r\n',5,8),(3,1,'MEGA Hot Wheels Juguete de Construccion 5 Alarm Monster Truck & ATV','construccion/MEGA_Hot_Wheels_Juguete_de_Construccion_5_Alarm_Monster_Truck_&_ATV0.jpg',699.00,699.00,'\r\n<p>Preparate para una accion monstruosa con el kit de construccion Mega(tm) Hot Wheels(r) 5 Alarm(tm) Monster Truck &amp; ATV, inspirado en el modelo original de Monster Trucks de Hot Wheels(r). Con detalles autenticos de Hot Wheels(r), este kit para armar un carro de juguete esta equipado con ruedas gigantes, graficos y decoracion iconicos, y una escalera de incendios extensible. Coloca la microfigura de accion incluida en el asiento del piloto y combina el juguete armable con otros sets de construir de Hot Wheels(r) de MEGA(tm) para crear tus propios Monster Trucks personalizados. Los juguetes para armar de Hot Wheels(r) de MEGA(tm) estan disenados para ninos de 5 anos en adelante. </p><ul>\r\n<li> KIT DE CONSTRUCCION de 284 piezas con un set adicional de ruedas que convierten al carro de juguete en un camion de bomberos .<li><li> JUGUETE ARMABLE que incluye un piloto de ATV y dos microfiguras de accion que se pueden colocar en poses distintas.<li><li> ARMAR UN CARRO DE JUGUETE con detalles autenticos como ruedas gigantes y escalera de incendios extensible .<li><li> Los bloques y las piezas combinan con todos los sets de construccion de MEGA(tm) y son compatibles con otros nombres de la marca   <li><li> Ideal para ninos de 5 anos en adelante, este juguete de construccion ofrece experiencias de juego y construccion que permiten desarrollar la creatividad y las habilidades de resolucion de problemas  <li>\r\n</ul>\r\n',2,51),(4,1,'MEGA Hot Wheels Juguete de Construccion Monster Truck Tiger Shark','construccion/MEGA_Hot_Wheels_Juguete_de_Construccion_Monster_Truck_Tiger_Shark0.jpg',529.00,529.00,'\r\n<p>Preparate para disfrutar de los mejores choques y destrozos con este set de construccion Tiger Shark de Hot Wheels inspirado en el modelo original de Monster Truck. Con detalles autenticos de Hot Wheels, este vehiculo esta equipado con ruedas gigantes, estampado de tigre y dientes decorativos, ademas de aletas laterales y traseras. Coloca la microfigura de accion incluida en el asiento del piloto y combina el set con otros sets de construccion de Hot Wheels Mega Construx para crear tus propios Monster Trucks personalizados. Ideal para pequenos constructores de 5 anos en adelante</p><ul>\r\n<li>Juguete de construccion Tiger Shark armable de Hot Wheels de Monster Truck<li><li>1 microfigura de accion articulada con traje de piloto de carreras<li><li>Viene con detalles autenticos como estampado de tigre y dientes decorativos, ademas de aletas laterales y traseras<li><li>Los 186 bloques y piezas combinan con todos los sets de construccion Mega Construx y son compatibles con otras marcas<li><li>Ideal para ninos de 5 anos en adelante, este juguete armable ofrece experiencias de juego y construccion que permiten desarrollar la creatividad y las habilidades de solucion de problemas<li>\r\n</ul>\r\n',5,33),(5,1,'MEGA Hot Wheels Juguete de Construccion Mega-Wrex Monster Truck','construccion/MEGA_Hot_Wheels_Juguete_de_Construccion_Mega-Wrex_Monster_Truck0.jpg',529.00,489.00,'\r\n<p>Preparate para una accion monstruosa con el set de construccion Mega Wrex(tm) de Hot Wheels(r) de MEGA(tm), inspirado en el modelo original de monster truck. Con detalles autenticos de Hot Wheels(r), este vehiculo esta equipado con ruedas gigantes y una estructura con forma de cabeza de dinosaurio, !que ademas tiene dientes! Coloca la microfigura de accion incluida en el asiento del piloto y combina el set con otros sets de construccion de Hot Wheels(r) de MEGA(tm) para crear tus propios Monster Trucks personalizados. Estos juguetes de construccion estan disenados para ninos de 5 anos en adelante</p><ul>\r\n<li>Juguete de construccion de Monster Truck Gunkster(tm) de Hot Wheels(r) de MEGA(tm) de 187 piezas con un set adicional de ruedas que convierten al vehiculo en uno de carreras<li><li>Incluye 1 microfigura de accion articulable<li><li>Cuenta con detalles autenticos de monster truck, como ruedas gigantes y una carroceria con forma de dinosaurio<li><li>Los bloques y las piezas combinan con todos los sets de construccion Mega Construx y son compatibles con otras marcas<li><li>Ideal para ninos de 5 anos en adelante, este juguete de construccion ofrece experiencias de juego y construccion que permiten desarrollar la creatividad y las habilidades de resolucion de problemas<li>\r\n</ul>\r\n',4,12),(6,1,'MEGA Hot Wheels Juguete de Construccion Monster Truck Bone Shaker','construccion/MEGA_Hot_Wheels_Juguete_de_Construccion_Monster_Truck_Bone_Shaker0.jpg',529.00,529.00,'\r\n<p>Preparate para disfrutar de los mejores choques y destrozos con este set de construccion Monster Truck Bone Shaker de Hot Wheels, inspirado en el clasico modelo hot rod. Este vehiculo cuenta con detalles autenticos de Hot Wheels y esta equipado con ruedas gigantes, el iconico adorno de craneo en el cofre, un chasis cromado y un motor expuesto. Coloca la microfigura de accion incluida en el asiento del piloto y combina el set con otros sets de construccion de Hot Wheels de Mega Construx para crear tus propios Monster Trucks personalizados. Ideal para pequenos constructores de 5 anos en adelante</p><ul>\r\n<li>Juguete de construccion Tiger Shark armable de Hot Wheels de Monster Truck<li><li>1 microfigura de accion articulada con traje de piloto de carreras<li><li>Viene con detalles autenticos como el iconico adorno de craneo en el cofre y chasis, y el motor cromado<li><li>Los 194 bloques y piezas combinan con todos los sets de construccion Mega Construx y son compatibles con otras marcas<li><li>Ideal para ninos de 5 anos en adelante, este juguete armable ofrece experiencias de juego y construccion que permiten desarrollar la creatividad y las habilidades de solucion de problemas<li>\r\n</ul>\r\n',4,58),(7,1,'MEGA Hot Wheels Juguete de Construccion Twin Mill Rojo','construccion/MEGA_Hot_Wheels_Juguete_de_Construccion_Twin_Mill_Rojo0.jpg',269.00,269.00,'\r\n<p>Recorre la carretera con estilo con este set de construccion Twin Mill(tm) de MEGA(tm) Hot Wheels(r), basado en el modelo clasico. Construye, acelera y personaliza con este iconico vehiculo con muchos detalles realistas, como los motores dobles expuestos y un perfil aerodinamico. Coloca la microfigura de accion incluida en el asiento del piloto y pisa a fondo el pedal con el Twin Mill(tm). Colecciona los 4 vehiculos y combina las piezas para hacer modelos personalizados originales. Se venden por separado. Los temas, colores y detalles pueden variar. Estos juguetes de construccion estan disenados para ninos de 5 anos en adelante</p><ul>\r\n<li>Juguete de construccion Twin Mill(tm) de Hot Wheels(r) de MEGA(tm) de 101 piezas con bandas de rodamiento y asiento del conductor<li><li>Incluye una microfigura de accion articulada con un atuendo de piloto de carreras que encaja en el asiento del conductor<li><li>Cuenta con detalles realistas, como motores dobles y perfil aerodinamico<li><li>Los 101 bloques y piezas son combinables con todos los sets de construccion Mega Construx y son compatibles con otras marcas<li><li> Ideal para ninos de 5 anos en adelante, este juguete de construccion ofrece experiencias de juego y construccion que permiten desarrollar la creatividad y las habilidades de resolucion de problemas  <li>\r\n</ul>\r\n',1,54),(8,1,'MEGA Hot Wheels Juguete de Construccion Collector Muscle Bound','construccion/MEGA_Hot_Wheels_Juguete_de_Construccion_Collector_Muscle_Bound0.jpg',1199.00,1199.00,'\r\n<p>  Como un trofeo de carreras, esta edicion de constructor adulto de Collector Muscle Bound(tm) esta hecha para ser exhibida. Este vehiculo de carreras a gran escala tiene un diseno autentico con caracteristicas de lujo como puertas y maletero que se abren, capo que se abre con soporte para mostrar el motor y graficos y decoracion iconicos. Puede que este iconico vehiculo deportivo se haya disenado como un vehiculo de alto rendimiento, pero ahora esta disenado para presumir.  </p><ul>\r\n<li> Set de constructor adulto de vehiculos de carrera Collector Muscle Bound(tm) de Hot Wheels(r) de 622 piezas a gran escala 1:18 con elementos de diseno autenticos, decoracion y graficos iconicos <li><li> Incluye ruedas rodantes, asiento del conductor, puertas y maletero que se abren, capo que se abre con soporte para mostrar el motor <li><li> Los 622 bloques y piezas son combinables con todos los sets de construccion MEGA(tm) y son compatibles con otros nombres de la marca  <li><li> Este nostalgico juguete de construccion sirve como un gran articulo para adultos constructores <li>\r\n</ul>\r\n',4,97),(9,1,'MEGA Hot Wheels Juguete de Construccion Carro GT Hunter','construccion/MEGA_Hot_Wheels_Juguete_de_Construccion_Carro_GT_Hunter0.jpg',269.00,246.00,'\r\n<p>Recorre la carretera con estilo con este set de construccion GT Hunter armable de Hot Wheels basado en el modelo original. Compite, choca y reconstruye este iconico vehiculo lleno de detalles autenticos, como la carroceria ancha, el gran aleron trasero y los motores dobles expuestos. Colecciona toda la serie y combina las piezas para crear modelos personalizados originales. Coloca la microfigura de accion incluida en el asiento del piloto y quema llantas con el GT Hunter. Ideal para pequenos constructores de 5 anos en adelante</p><ul>\r\n<li>JUGUETE ARMABLE - Juguete de construccion GT Hunter de Hot Wheels con ruedas que giran de verdad y asiento de piloto<li><li>1 MICROFIGURA DE ACCION ARTICULADA - 1 microfigura de accion articulado con traje de piloto de carreras<li><li>TIENE DETALLES AUTENTICOS - Tiene detalles autenticos, como un gran aleron trasero y motores dobles expuestos<li><li>COMPATIBLES CON OTRAS MARCAS - Los 106 bloques y piezas combinan con todos los sets de construccion Mega Construx y son compatibles con otras marcas<li><li>5 ANOS EN ADELANTE - Ideal para ninos de 5 anos en adelante, este juguete armable ofrece experiencias de juego y construccion que permiten desarrollar la creatividad y las habilidades de solucion de problemas<li>\r\n</ul>\r\n',1,21),(10,1,'MEGA Hot Wheels Juguete de Construccion Carro Muscle Bound','construccion/MEGA_Hot_Wheels_Juguete_de_Construccion_Carro_Muscle_Bound0.jpg',269.00,269.00,'\r\n<p>Recorre la carretera con estilo con este set de construccion de Muscle Bound armable de Hot Wheels, basado en un muscle car estadounidense original. Compite, choca y reconstruye este iconico vehiculo lleno de detalles autenticamente increibles, como el motor de 4 cilindros doble V8. Colecciona toda la serie y combina las piezas para hacer modelos personalizados originales. Coloca la microfigura de accion incluida en el asiento del piloto y acelera a toda marcha con el Muscle Bound. Ideal para pequenos constructores de 5 anos en adelante</p><ul>\r\n<li>JUGUETE ARMABLE - Juguete de construccion Muscle Bound de Hot Wheels con ruedas que giran de verdad y asiento de piloto<li><li>1 MICROFIGURA DE ACCION ARTICULADA - 1 microfigura de accion articulado con traje de piloto de carreras<li><li>VIENE CON DETALLES AUTENTICOS - Viene con detalles autenticos como el cofre elevado que contiene el motor de 4 cilindros doble V8<li><li>COMPATIBLES CON OTRAS MARCAS - Los 102 bloques y piezas combinan con todos los sets de construccion Mega Construx y son compatibles con otras marcas<li><li>5 ANOS EN ADELANTE - Ideal para ninos de 5 anos en adelante, este juguete armable ofrece experiencias de juego y construccion que permiten desarrollar la creatividad y las habilidades de solucion de problemas<li>\r\n</ul>\r\n',4,13),(11,1,'MEGA Hot Wheels Juguete de Construccion Carro Bone Shaker','construccion/MEGA_Hot_Wheels_Juguete_de_Construccion_Carro_Bone_Shaker0.jpg',269.00,269.00,'\r\n<p>Recorre la carretera con estilo con este set de construccion de Bone Shaker armable de Hot Wheels(r), basado en el modelo Hot Rod clasico. Compite, choca y reconstruye este vehiculo favorito de los fans lleno de detalles autenticos como el iconico adorno de craneo en el cofre, el chasis cromado y el motor expuesto. Colecciona toda la serie y combina las piezas para hacer modelos personalizados originales. Coloca la microfigura de accion incluida en el asiento del piloto y destroza la pista con el Bone Shaker. Ideal para pequenos constructores de 5 anos en adelante</p><ul>\r\n<li>JUGUETE ARMABLE - Juguete de construccion Bone Shaker de Hot Wheels(r) con ruedas que giran de verdad y asiento de piloto<li><li>1 MICROFIGURA DE ACCION ARTICULADA - Incluye 1 microfigura de accion articulada con traje de piloto de carreras<li><li>VIENE CON DETALLES AUTENTICOS - Viene con detalles autenticos como el iconico adorno de craneo en el cofre, el chasis y el motor cromado<li><li>COMPATIBLES CON OTRAS MARCAS - Los 118 bloques y las piezas se pueden combinar con todos los sets de construccion Mega Construx y son compatibles con otras marcas<li><li>5 ANOS EN ADELANTE - Ideal para ninos de 5 anos en adelante, este juguete armable ofrece experiencias de juego y construccion que permiten desarrollar la creatividad y las habilidades de solucion de problemas<li>\r\n</ul>\r\n',1,2),(12,1,'MEGA Hot Wheels Juguete de Construccion Carro Twinmill','construccion/MEGA_Hot_Wheels_Juguete_de_Construccion_Carro_Twinmill0.jpg',269.00,269.00,'\r\n<p>Recorre la carretera con estilo con este set de construccion de Twin Mill de Hot Wheels, basado en el modelo clasico. Corre, choca y reconstruye este iconico vehiculo lleno de detalles realistas, como los motores dobles expuestos y un perfil aerodinamico. Colecciona toda la serie y combina las piezas para crear modelos personalizados originales. Coloca la microfigura de accion incluida en el asiento del piloto y pisa a fondo el pedal con el Twin Mill. Ideal para pequenos constructores de 5 anos en adelante</p><ul>\r\n<li>JUGUETE ARMABLE - Juguete de construccion Twin Mill de Hot Wheels con ruedas giratorias y asiento de piloto<li><li>1 MICROFIGURA DE ACCION ARTICULADA - 1 microfigura de accion articulado con traje de piloto de carreras<li><li>CUENTA CON DETALLES REALISTAS - Cuenta con detalles realistas, como motores dobles y perfil aerodinamico<li><li>COMPATIBLES CON OTRAS MARCAS - Los 111 bloques y piezas combinan con todos los sets de construccion Mega Construx y son compatibles con otras marcas<li><li>5 ANOS EN ADELANTE - Ideal para ninos de 5 anos en adelante, este juguete armable ofrece experiencias de juego y construccion que permiten desarrollar la creatividad y las habilidades de solucion de problemas<li>\r\n</ul>\r\n',1,70),(13,1,'MEGA Hot Wheels Juguete de Construccion Collector GM 1977 Pontiac Firebird','construccion/MEGA_Hot_Wheels_Juguete_de_Construccion_Collector_GM_1977_Pontiac_Firebird0.jpg',1799.00,1799.00,'\r\n<p>Al igual que un trofeo de carrera, esta edicion de constructores adultos del iconico Pontiac Firebird 77 esta hecho para tu exhibidor. Este vehiculo de carreras a gran escala tiene un diseno autentico con caracteristicas de lujo como puertas y maletero que se abren, un capo que se abre con motor desmontable y detalles interiores. Puede que este icono retro se haya fabricado como un vehiculo de alto rendimiento, pero ahora esta disenado para presumir.</p><ul>\r\n<li>Set de construccion Hot Wheels Pontiac Firebird 77 de 844 piezas a gran escala de 1:18 para constructores adultos<li><li>El auto de carreras armable incluye elementos de diseno autenticos, graficos iconicos y detalles<li><li>Tiene ruedas giratorias; asiento del conductor, puertas y maletero que se abren; motor desmontable y mas<li><li>Las piezas se combinan con todos los sets de construccion de Hot Wheels de MEGA y son compatibles con otras marcas<li><li>Este nostalgico set para adultos constructores es un excelente juguete de construccion y exhibicion para adultos<li>\r\n</ul>\r\n',1,44),(14,1,'MEGA Hot Wheels Juguete de Construccion Collector Purple Passion','construccion/MEGA_Hot_Wheels_Juguete_de_Construccion_Collector_Purple_Passion0.jpg',1199.00,1199.00,'\r\n<p>Como un trofeo de carreras, esta edicion de Purple Passion(tm) de coleccion esta hecha para ser exhibida. Este vehiculo de carreras a gran escala esta disenado de forma autentica con caracteristicas de lujo, como su sistema estereo en el baul, apertura de puertas y baul, asientos corridos y un iconico diseno de la decada de 1950 con un audaz trabajo de pintura morada. Puede que este icono retro se haya disenado como un vehiculo de alto rendimiento, pero ahora esta disenado para presumir.</p><ul>\r\n<li>Set de coleccionista con vehiculo de carrera grande Purple Passion(tm) de Hot Wheels(r) a escala 1:20 con elementos de diseno autentico y detalles premium<li><li>Esta edicion especial incluye ruedas, asiento del conductor, movimiento del volante, asientos corridos, cambio de marchas, el iconico estilo retro del Purple Passion(tm) y el maletero con sistema estereo integrado<li><li>Los 660 bloques y piezas combinan con todos los sets de construccion Mega Construx y son compatibles con otras marcas.<li><li>Ideal para ninos de 8 anos en adelante. Este juguete armable ofrece experiencias de juego y construccion que permiten desarrollar la creatividad y las habilidades de resolucion de problemas<li>\r\n</ul>\r\n',3,9),(15,1,'MEGA Hot Wheels Juguete de Construccion Bone Shaker Amarillo','construccion/MEGA_Hot_Wheels_Juguete_de_Construccion_Bone_Shaker_Amarillo0.jpg',269.00,269.00,'\r\n<p>Recorre la carretera con estilo con el set de construccion de Bone Shaker(tm) de Hot Wheels(r) de MEGA(tm), basado en el modelo Hot Rod clasico. Construye, corre y personaliza este vehiculo favorito de los fans lleno de detalles autenticos como el iconico adorno de craneo en el capo, el chasis de color cromado y el motor expuesto. Coloca la microfigura de accion incluida en el asiento del piloto y destroza la pista con el Bone Shaker(tm). Colecciona los 4 vehiculos y combina las piezas para hacer modelos personalizados originales. Se venden por separado. Los temas, colores y detalles pueden variar. Estos juguetes de construccion estan disenados para ninos de 5 anos en adelante</p><ul>\r\n<li>Juguete de construccion Twin Mill(tm) de Hot Wheels(r) de MEGA(tm) de 101 piezas con bandas de rodamiento y asiento del conductor<li><li>Incluye una microfigura de accion articulada con un atuendo de piloto de carreras que encaja en el asiento del conductor<li><li>Cuenta con detalles realistas, como motores dobles y perfil aerodinamico<li><li>Los 101 bloques y piezas son combinables con todos los sets de construccion Mega Construx y son compatibles con otras marcas<li><li>Ideal para ninos de 5 anos en adelante, este juguete de construccion ofrece experiencias de juego y construccion que permiten desarrollar la creatividad y las habilidades de resolucion de problemas<li>\r\n</ul>\r\n',2,12),(16,1,'MEGA Hot Wheels Juguete de Construccion HW40','construccion/MEGA_Hot_Wheels_Juguete_de_Construccion_HW400.jpg',269.00,269.00,'\r\n<p>Recorre la carretera con estilo con este set de construccion HW40(tm) de Hot Wheels(r), basado en el modelo de carrera clasico. Compite, choca y reconstruye este vehiculo popular entre los fans; esta lleno de detalles autenticos, como su diseno sumamente elegante y su pintura color verde electrico. Colecciona toda la serie y combina las piezas para hacer tus propios modelos personalizados. Coloca la microfigura de accion incluida en el asiento del conductor y destroza la pista con el HW40(tm). Ideal para ninos de 5 anos en adelante</p><ul>\r\n<li>Juguete de construccion de vehiculo de carrera HW40 (tm) de Hot Wheels(r) con ruedas que giran de verdad y asiento del conductor<li><li>Incluye 1 microfigura de accion articulada de alienigena con traje de piloto de carreras.<li><li>Tiene detalles autenticos, como su diseno sumamente elegante y su pintura color verde electrico.<li><li>Los 90 bloques y piezas combinan con todos los sets de construccion Mega Construx y son compatibles con otras marcas.<li><li>Ideal para ninos de 5 anos en adelante. Este juguete armable ofrece experiencias de juego y construccion que permiten desarrollar la creatividad y las habilidades de resolucion de problemas.<li>\r\n</ul>\r\n',4,33),(17,1,'MEGA Hot Wheels Juguete de Construccion Roger Dodger','construccion/MEGA_Hot_Wheels_Juguete_de_Construccion_Roger_Dodger0.jpg',269.00,269.00,'\r\n<p>Ponte en marcha con estilo con este set de construccion de Rodger Dodger(tm) de Hot Wheels(r), inspirado en el modelo de carrera clasico. Compite, choca y reconstruye este vehiculo popular entre los fans, lleno de detalles autenticos, como su gran motor expuesto y con un diseno inspirado en el Dodge Charger SE de 1973. Colecciona toda la serie y combina las piezas para hacer tus propios modelos personalizados. Coloca la microfigura de accion incluida en el asiento del conductor y destroza la pista con el Rodger Dodger(tm).</p><ul>\r\n<li>Juguete de construccion de vehiculo de carrera Rodger Dodger(tm) de Hot Wheels(r) con ruedas que giran de verdad y asiento para el conductor<li><li>Incluye 1 microfigura de accion articulada de vaquero con traje de piloto de carreras<li><li>Tiene detalles autenticos, como su gran motor expuesto y diseno inspirado en el Dodge Charger SE de 1973<li><li>Los 98 bloques y piezas combinan con todos los sets de construccion Mega Construx y son compatibles con otras marcas<li><li>Ideal para ninos de 5 anos en adelante, este juguete armable ofrece experiencias de juego y construccion que permiten desarrollar la creatividad y las habilidades de resolucion de problemas<li>\r\n</ul>\r\n',3,29),(18,1,'MEGA Hot Wheels Juguete de Construccion Race Ace Monster Truck','construccion/MEGA_Hot_Wheels_Juguete_de_Construccion_Race_Ace_Monster_Truck0.jpg',279.00,279.00,'\r\n<p>Preparate para una accion monstruosa con el set de construccion Race Ace(tm) de Hot Wheels(r) de MEGA(tm), inspirado en el modelo original de monster truck. Con detalles autenticos de Hot Wheels(r), este vehiculo esta equipado con ruedas gigantes, pintura roja y azul, y espacio trasero. Coloca la microfigura de accion incluida en el asiento del piloto y combina el set con otros sets de construccion de Hot Wheels(r) de MEGA(tm) para crear tus propios Monster Trucks personalizados. Estos juguetes de construccion estan disenados para ninos de 5 anos en adelante</p><ul>\r\n<li>Juguete de construccion de Monster Truck Race Ace(tm) de Hot Wheels(r) de MEGA(tm) de 69 piezas<li><li>Incluye una microfigura de accion articulable que encaja en el asiento del conductor<li><li>Cuenta con detalles autenticos de monster truck, como ruedas gigantes, pintura roja y azul, y espacio trasero<li><li>Los bloques y las piezas combinan con todos los sets de construccion Mega Construx y son compatibles con otras marcas<li><li>Ideal para ninos de 5 anos en adelante, este juguete de construccion ofrece experiencias de juego y construccion que permiten desarrollar la creatividad y las habilidades de resolucion de problemas<li>\r\n</ul>\r\n',1,43),(19,1,'MEGA Hot Wheels Juguete de Construccion Rodger Dodger & Hot Wheels Racing','construccion/MEGA_Hot_Wheels_Juguete_de_Construccion_Rodger_Dodger_&_Hot_Wheels_Racing0.jpg',749.00,749.00,'\r\n<p>Enciende los neumaticos y aplasta a la competencia con un juego de construccion armable de Hot Wheels que incluye el clasico corredor Rodger Dodger y el monster truck de Hot Wheels Racing. El set cuenta con detalles autenticos de Hot Wheels, como el motor de cromo expuesto de Rodger Dodger, y el iconico trabajo de pintura roja, blanca y azul, ademas de las ruedas gigantes de Hot Wheels Racing. Combina las piezas y los bloques incluidos de ambos vehiculos con cualquier set de construccion de Mega Construx para crear tus propios vehiculos personalizados.</p><ul>\r\n<li>CONSTRUYE TU VEHICULO - Set de juguete de construccion de vehiculo de carreras de Hot Wheels con el corredor Rodger Dodger y el monster truck de Hot Wheels Racing.<li><li>ARTICULADAS - 2 microfiguras de accion articuladas con vestimenta de conductor de vehiculo de carreras.<li><li>DETALLES AUTENTICOS - Cuenta con detalles autenticos, como el motor de cromo expuesto de Rodger Dodger, y el iconico trabajo de pintura roja, blanca y azul de Hot Wheels Racing.<li><li>COMPATIBLES - Los 249 bloques y piezas combinan con todos los sets de construccion Mega Construx y son compatibles con otras marcas.<li><li>DESARROLLA LA CREATIVIDAD - Ideal para ninos de 5 anos en adelante. Este juguete armable ofrece experiencias de juego y construccion que permiten desarrollar la creatividad y las habilidades de resolucion de problemas.<li>\r\n</ul>\r\n',4,30),(20,1,'MEGA Hot Wheels Juguete de Construccion Gunkster Monster Truck','construccion/MEGA_Hot_Wheels_Juguete_de_Construccion_Gunkster_Monster_Truck0.jpg',279.00,279.00,'\r\n<p>Preparate para una accion monstruosa con el set de construccion Gunkster(tm) de Hot Wheels(r) de MEGA(tm), inspirado en el modelo original de monster truck. Con detalles autenticos de Hot Wheels(r), este vehiculo esta equipado con ruedas y un brillante exterior de color verde y amarillo. Coloca la microfigura de accion incluida en el asiento del piloto y combina el set con otros sets de construccion de Hot Wheels(r) de MEGA(tm) para crear tus propios Monster Trucks personalizados. Estos juguetes de construccion estan disenados para ninos de 5 anos en adelante</p><ul>\r\n<li>Juguete de construccion de Monster Truck Gunkster(tm) de Hot Wheels(r) de MEGA(tm) de 69 piezas<li><li>Incluye una microfigura de accion articulable que encaja en el asiento del conductor<li><li>Cuenta con detalles autenticos de monster truck, como pintura brillante de color verde y amarillo<li><li>Los 69 bloques y piezas son combinables con todos los sets de construccion Mega Construx y son compatibles con otras marcas<li><li>Ideal para ninos de 5 anos en adelante, este juguete de construccion ofrece experiencias de juego y construccion que permiten desarrollar la creatividad y las habilidades de resolucion de problemas<li>\r\n</ul>\r\n',1,20),(21,1,'MEGA Hot Wheels Juguete de Construccion Collector Rodger Dodger','construccion/MEGA_Hot_Wheels_Juguete_de_Construccion_Collector_Rodger_Dodger0.jpg',1799.00,1799.00,'\r\n<p>Como un trofeo de carreras, esta edicion de Rodger Dodger(tm) de coleccion esta hecha para ser exhibida. Este vehiculo de carreras a gran escala disenado de forma autentica con caracteristicas de lujo, como un maletero que se abre para revelar un sistema de oxido nitroso, un capo y motor desmontables, y un elegante trabajo de pintura inspirado en la Magic 8-Ball. El set tambien incluye el modelo clasico de metal con una base armable para exhibir. Puede que este iconico vehiculo deportivo se haya disenado como un vehiculo de alto rendimiento, pero ahora esta disenado para presumir. Ideal para ninos de 8 anos en adelante</p><ul>\r\n<li>Set de coleccionista con vehiculo de carrera grande Rodger Dodger(tm) de Hot Wheels(r) a escala 1:20 con elementos de diseno autentico y detalles premium<li><li>Esta edicion especial incluye un modelo de carrera de metal de Rodger Dodger(tm) con 1 de 10 mensajes aleatorios de Magic 8-Ball impresos en la base y una base armable.<li><li>Las caracteristicas incluyen la pintura de Magic de 8-Ball, el sistema de oxido nitroso en el maletero, y el capo y motor desmontables.<li><li>Los 700 bloques y piezas combinan con todos los sets de construccion Mega Construx y son compatibles con otras marcas.<li><li>Ideal para ninos de 8 anos en adelante. Este juguete armable ofrece experiencias de juego y construccion que permiten desarrollar la creatividad y las habilidades de resolucion de problemas.<li>\r\n</ul>\r\n',1,8),(22,1,'MEGA Hot Wheels Juguete de Construccion Collector Street Rodder','construccion/MEGA_Hot_Wheels_Juguete_de_Construccion_Collector_Street_Rodder0.jpg',999.00,958.00,'\r\n<p>Como un trofeo de carreras, esta edicion de Street Rodder de coleccion esta hecha para ser exhibida. Este vehiculo de carreras a gran escala esta disenado de forma autentica con caracteristicas de lujo, como su sistema de oxido nitroso en el maletero, movimiento del volante y cambio de marchas, apertura de puertas, el enorme motor expuesto y un audaz trabajo de pintura de llamas. Puede que este icono retro se haya disenado como un vehiculo de alto rendimiento, pero ahora esta disenado para presumir. Ideal para ninos de 8 anos en adelante</p><ul>\r\n<li>Set de coleccionista con vehiculo de carrera grande Street Rodder(tm) de Hot Wheels(r) a escala 1:20 con elementos de diseno autentico y detalles premium<li><li>Entre las caracteristicas se incluyen ruedas que giran, asiento del conductor, movimiento del volante y cambio de marchas, pintura de llamas, sistema de oxido nitroso en el maletero y un enorme motor expuesto<li><li>Los 493 bloques y piezas combinan con todos los sets de construccion Mega Construx y son compatibles con otras marcas.<li><li>Ideal para ninos de 8 anos en adelante. Este juguete armable ofrece experiencias de juego y construccion que permiten desarrollar la creatividad y las habilidades de resolucion de problemas<li>\r\n</ul>\r\n',1,81),(23,1,'MEGA Hot Wheels Juguete de Construccion Bone Shaker','construccion/MEGA_Hot_Wheels_Juguete_de_Construccion_Bone_Shaker0.jpg',1799.00,1799.00,'\r\n<p>Como un trofeo de carreras, esta edicion construible del Bone Shaker(tm) de coleccion esta hecha para ser exhibida. Este set de gran escala cuenta con 904 bloques de construccion y esta autenticamente disenado con caracteristicas de lujo, como su iconico adorno de calavera en el capo, un chasis estilo cromado y motor expuesto. El set  incluye el modelo clasico de metal con una base armable para exhibir. Puede que este iconico hot rod se haya disenado como un vehiculo de alto rendimiento, pero ahora esta disenado para presumir en tu coleccion. Ideal para ninos de 8 anos en adelante</p><ul>\r\n<li>Set de coleccionista con vehiculo de carrera grande Bone Shaker(tm) de Hot Wheels(r) a escala 1:18 con elementos de diseno autentico y detalles premium<li><li>Esta edicion especial incluye un modelo de vehiculo de carrera de metal original con base de exhibicion armable.<li><li>Viene con ruedas que giran, asiento para el conductor, puertas y maletero que se abren, el adorno de calavera en el capo iconico del Bone Shaker(tm), chasis cromado y motor.<li><li>Los 904 bloques y piezas combinan con todos los sets de construccion Mega Construx y son compatibles con otras marcas.<li><li>Ideal para ninos de 8 anos en adelante, este juguete armable ofrece experiencias de juego y construccion que permiten desarrollar la creatividad y habilidades de resolucion de problemas.<li>\r\n</ul>\r\n',4,79),(24,5,'Hot Wheels Collector Vehiculo de Juguete Premium Batman Bundle','coleccionista/Hot_Wheels_Collector_Vehiculo_de_Juguete_Premium_Batman_Bundle0.jpg',849.00,849.00,'\r\n<p> Para los maximos fans del Caped Crusader(tm) llega el Hot Wheels(r) Batman(tm) Bundle, que incluye cinco moldes del Batimovil(tm) favoritos de los fans, incluido uno de la pelicula The Batman(tm). Este set de vehiculos premium viene en un empaque especial para coleccionistas a fin de que sea lo maximo para coleccionar. Utiliza el empaque para exhibir los autos en un estado impecable y elegante. Cada vehiculo es a escala 1:64 e incluye detalles autenticos de las peliculas, los comics y las series de television. Los colores y las decoraciones pueden variar.</p><ul>\r\n<li> El Hot Wheels(r) Premium Batman(tm) Bundle ofrece 5 moldes favoritos de los fans del Batimovil(tm) en un empaque de elite para el coleccionista adulto y los fans de la franquicia Batman(tm).<li><li> Cada vehiculo es a escala 1:64 y ha sido elegido a mano entre toda la linea de moldes premium de Batman(tm).<li><li> El empaque se diseno para aumentar la posibilidad de coleccionar todo el set.<li><li> Los vehiculos son replicas detalladas de los que aparecen en toda la franquicia de Batman(tm) que los coleccionistas adoran y aprecian.<li><li> Es un gran regalo para los fans de Caped Crusader(tm) y los coleccionistas adultos que valoran el detalle, la historia y la precision de cada vehiculo inspirado en Batman(tm).<li>\r\n</ul>\r\n',4,51),(25,5,'Hot Wheels Batman Vehiculo de Juguete Escala 150','coleccionista/Hot_Wheels_Batman_Vehiculo_de_Juguete_Escala_1500.jpg',229.00,229.00,'\r\n<p>!Preciosas replicas de los populares vehiculos de Batman! Celebra el aniversario numero 50 de la primera serie de television clasica de Batman y otros emblematicos Batimoviles de DC Universe. El surtido a escala 1:50 cuenta con el Batimovil, el Batibote, la Batimoto y el Baticoptero de la serie de television clasica de Batman. Tambien viene incluido el Batimovil de Batman, el Batimovil de Batman Forever y el Batimovil de The Dark Knight Trilogy. Por ultimo, pero no menos importante, esta impresionante coleccion exhibe el nuevo Batimovil de Batman vs. Superman: Dawn of Justice. Los coleccionistas de Hot Wheels(r) y los aficionados de Batman podran apreciar esta emblematica coleccion que celebra los 50 anos de los fantasticos vehiculos de Batman. !Elige tu favorito o reune toda la coleccion de Batimoviles! Se venden por separado y estan sujetos a disponibilidad. No compatibles con algunos sets Hot Wheels(r). Los colores y las decoraciones podrian variar.</p><ul>\r\n<li>Fantasticas replicas a escala 1:50 de los populares vehiculos de Batman a lo largo de los anos.<li><li>Con el aniversario numero 50 de la clasica serie de television de 1966, Batman, colecciona el Batimovil, el Batibote, la Batimoto y el Baticoptero.<li><li>Este excelente surtido tambien incluye el Batimovil de Batman, el Batimovil de Batman Forever y el Batimovil de The Dark Knight Trilogy.<li><li>Los coleccionistas de Hot Wheels(r) y los aficionados de Batman querran tenerlos todos.<li><li>La guinda del pastel sera el muy esperado y nuevo Batimovil de Batman vs Superman: Dawn of Justice.<li><li>Va a ser muy dificil decidirte solo por uno o dos. !Coleccionalos!<li>\r\n</ul>\r\n',3,19),(26,5,'Hot Wheels Collector Vehiculo de Coleccion Transportador Legends','coleccionista/Hot_Wheels_Collector_Vehiculo_de_Coleccion_Transportador_Legends0.jpg',399.00,399.00,'\r\n<p>El Team Transport de Hot Wheels(r) Legends es indispensable para coleccionistas adultos y entusiastas de las carreras. Con piezas realistas y decoraciones premium, este set celebra el legado de las carreras y la cultura automovilistica con un Porsche 934.5 y un camion de transporte Fleet Street(tm) a escala 1:64. Toda la coleccion Team Transport de Hot Wheels(r) Legends incluye algunas de las piezas mas populares que se hayan producido (se venden por separado); !han sido, desde hace mucho, favoritas de los coleccionistas y fans de las carreras de todas las edades! Los colores y las decoraciones pueden variar.</p><ul>\r\n<li>Team Transport de Hot Wheels(r) Legends tiene caracteristicas premium de un Porsche 934.5 y un camion de transporte Fleet Street(tm) a escala 1:64.<li><li>El paquete de 2 unidades, celebra el legado del automovilismo y la cultura automovilistica, algo imprescindible para los coleccionistas adultos.<li><li>La coleccion Team Transport de Hot Wheels(r) Legends incluye vehiculos de equipos de carreras de moda y transportes famosos en todo el mundo. Los entusiastas de las carreras los querran todos. (Se venden por separado).<li><li>Los neumaticos Real Riders(tm) y el chasis y la carroceria Metal/Metal(tm) se destacan en la ejecucion premium del par.<li><li>A los coleccionistas les encantara Team Transport de Hot Wheels(r) Legends para jugar o para exhibir.<li>\r\n</ul>\r\n',3,43),(27,5,'Hot Wheels Collector Vehiculo de Coleccion Legends Paquete de 5 Autos','coleccionista/Hot_Wheels_Collector_Vehiculo_de_Coleccion_Legends_Paquete_de_5_Autos0.jpg',579.00,579.00,'\r\n<p>Celebra los legendarios vehiculos Hot Wheels (r) con un multipack de 6 vehiculos Hot Wheels(r) a escala 1:64 especialmente seleccionados. El pack variado cuenta con decoraciones autenticas en los vehiculos que se consideran leyendas de Hot Wheels(r), con la fabricacion y la calidad que forman parte de la tradicion de Hot Wheels(r). Sorprende a tu aficionado favorito de los vehiculos con estas geniales replicas que son un excelente regalo para el coleccionista por excelencia o un novato en el universo Hot Wheels(r). Los colores y las decoraciones podrian variar.</p><ul>\r\n<li>El multipack con tematica de Hot Wheels(r) Legends(tm) incluye 6 vehiculos Hot Wheels(r) que se consideran leyendas en el mundo de Hot Wheels(r).<li><li>Cada vehiculo tiene decoraciones autenticas y disenos realistas que emocionan a los aficionados.<li><li>Inicia o mejora una coleccion de Hot Wheels (r) con este pack surtido de 6 increibles vehiculos tematicos.<li><li>Hot Wheels(r) ofrece los vehiculos de juguete mas elegantes a escala 1:64, que inspiran la creatividad y fomentan la confianza en si mismos mediante el juego de ruedas libres.<li><li>Este multipack es un regalo fantastico para ninos de 3 anos en adelante y para los coleccionistas de Hot Wheels(r) de todas las edades.<li>\r\n</ul>\r\n',2,56),(28,5,'Hot Wheels Collector Vehiculo de Coleccion Fast & Furious Paquete de 10 Autos','coleccionista/Hot_Wheels_Collector_Vehiculo_de_Coleccion_Fast_&_Furious_Paquete_de_10_Autos0.jpg',749.00,749.00,'\r\n<p>El pack de 10 vehiculos de Rapido y Furioso(tm) de Hot Wheels(r) cuenta con los vehiculos mas memorables de la franquicia de Rapido y Furioso(tm), y viene con dos vehiculos que no estan disponibles en ningun otro lugar. Cada una tiene una escala 1:64 y viene con una ejecucion de decoracion elevada para atraer a los fans de Fast(tm) y coleccionistas de Hot Wheels(r) por igual. El juego incluye un Ice Charger, Nissan S15, Nissan Skyline GT-R, 1995 Mitsubishi Eclipse y 1987 Buick Regal GNX. Los colores y las decoraciones pueden variar.</p><ul>\r\n<li>Acelera hacia la coleccion de vehiculos de Rapido y Furioso(tm) de Hot Wheels(r), con este pack de 10 vehiculos de juguete inspirados en la exitosa franquicia.<li><li>Cada vehiculo tiene una escala de 1:64 y una ejecucion de decoracion elevada para aumentar su cualidad de coleccion.<li><li>El set viene con 2 vehiculos exclusivos que no se venderan en otro lugar de forma individual.<li><li>Cuenta con piezas de fundicion memorables, como el Porsche 911 GT3 RS, 1970 Ford Escort RS1600 y Dodge Charger Hellcast Widebody, con piezas de fundicion exclusivas de un Nissan Skyline GT-R con decoracion diferente y Dodge Charger.<li><li>Obsequia a los fans para mejorar una coleccion existente o comenzar una nueva.<li>\r\n</ul>\r\n',3,53),(29,5,'Hot Wheels Collector Vehiculo de Coleccion Paquete de autos ZAMAC','coleccionista/Hot_Wheels_Collector_Vehiculo_de_Coleccion_Paquete_de_autos_ZAMAC0.jpg',579.00,579.00,'\r\n<p>Hot Wheels Collector Vehiculo de Coleccion Paquete de autos ZAMAC</p><ul>\r\n<li>El multipack con tematica de Hot Wheels(r) Zamac incluye 6 vehiculos Hot Wheels(r) que celebran la historia y decoracion Zamac.<li><li>Cada vehiculo tiene disenos realistas que emocionan a los aficionados a los vehiculos.<li><li>Inicia o mejora una coleccion de Hot Wheels (r) con este pack surtido de 6 increibles vehiculos tematicos.<li><li>Hot Wheels(r) ofrece los vehiculos de juguete mas elegantes a escala 1:64, que inspiran la creatividad y fomentan la confianza en si mismos mediante el juego de ruedas libres.<li><li>Este multipack es un regalo fantastico para ninos de 3 anos en adelante y para los coleccionistas de Hot Wheels(r) de todas las edades.<li>\r\n</ul>\r\n',4,93),(30,5,'Hot Wheels Collector Vehiculo de Coleccion Stars and Stripes','coleccionista/Hot_Wheels_Collector_Vehiculo_de_Coleccion_Stars_and_Stripes0.jpg',119.00,119.00,'\r\n<p>La coleccion de Hot Wheels(r) de vehiculos a escala 1:64 cuenta con convertibles nuevos y clasicos, con decoraciones realistas y detalles de diseno autenticos que ninos y coleccionistas adoran. Los distintos modelos se ven bien con el techo abajo, paseando por la costa y son una excelente introduccion al increible mundo de Hot Wheels(r). Cualquier aficionado a los vehiculos querra coleccionarlos todos (cada uno se vende por separado). Cada vehiculo se vende por separado y esta sujeto a disponibilidad. Los colores y las decoraciones pueden variar.</p><ul>\r\n<li>La coleccion de Hot Wheels(r) incluye varios convertibles modernos y clasicos de Hot Wheels(r) a escala 1:64 que ninos y coleccionistas adoraran.<li><li>Cada vehiculo cuenta con los detalles autenticos y estilos mejorados tipicos de la marca Hot Wheels(r), lo que los hace ideales para exhibirlos o jugar empujandolos.<li><li>Los vehiculos de Hot Wheels(r) potencian el pensamiento creativo de los ninos y estimulan la creacion de historias de aventuras epicas.<li><li>Cada vehiculo de Hot Wheels(r) es un gran regalo para ninos de 3 anos en adelante que recien comienzan su viaje Hot Wheels(r).<li><li>Los conocedores y coleccionistas de vehiculos los querran todos (cada uno se vende por separado).<li>\r\n</ul>\r\n',1,6),(31,5,'Hot Wheels Collector Vehiculo de Coleccion Halcon Milenario','coleccionista/Hot_Wheels_Collector_Vehiculo_de_Coleccion_Halcon_Milenario0.jpg',379.00,379.00,'\r\n<p>La coleccion de naves espaciales seleccionadas de Star Wars(tm) de Hot Wheels(r) cuenta con disenos y empaques premium que mejoran la coleccion y tienen un gran atractivo. Cada nave tiene un tamano de entre 11 cm y 15 cm, solo un poco mas grande que el vehiculo tradicional de Hot Wheels(r), y tiene partes moviles que brindan un aspecto aun mas autentico. El diseno elegante y limpio del empaque hace que cada nave este lista para exhibirse sin tener que sacarla de la caja. Tambien viene con una base que incluye el logotipo de afiliacion y el nombre de la nave para aquellas personas que prefieren sacarla de la caja. Los coleccionistas querran toda la flota. Se venden por separado y estan sujetas a disponibilidad. Los colores y las decoraciones pueden variar.</p><ul>\r\n<li>Las naves espaciales seleccionadas de Star Wars(tm) de Hot Wheels(r) son replicas premium de naves espaciales galacticas inspiradas en una galaxia muy, muy lejana... y en las colecciones de estaciones que los fans tienen en casa.<li><li>Cada nave espacial mide entre 11 cm y 15 cm, y esta disenada para el coleccionista adulto, con detalles de diseno y empaque premium. Incluye una base de exhibicion con un soporte de bola y encastre para la nave. En la base, tambien lleva el nombre y logotipo de afiliacion.<li><li>Esta coleccion cuenta con naves espaciales modernas y clasicas, que son tipicas de la tradicion de Star Wars(tm).<li><li>En funcion del modelo, algunas de las naves espaciales de Star Wars(tm) de Hot Wheels(r) tienen partes moviles, lo que les brinda un aspecto aun mas autentico y mejora sus finos detalles.<li><li>El fan consumado de Star Wars(tm) querra coleccionarlas todas (cada una se vende por separado).<li>\r\n</ul>\r\n',1,52),(32,5,'Hot Wheels Collector Vehiculo de Coleccion 94 Bugatti EB110 SS','coleccionista/Hot_Wheels_Collector_Vehiculo_de_Coleccion_94_Bugatti_EB110_SS0.jpg',119.00,119.00,'\r\n<p>Los ninos, coleccionistas adultos y aficionados de los vehiculos deben tener esta coleccion de los vehiculos Hot Wheels(r) a escala 1:64 mas populares. Cada vehiculo viene con decoraciones realistas, detalles geniales y decoraciones autenticas que les encantaran a los amantes de los vehiculos. Los vehiculos tienen temas para jugar a empujarlos, asi como para crear una exhibicion de coleccionistas y fans de las carreras de todas las edades. !Elige tu favorito o coleccionalos todos! Se venden por separado y estan sujetos a disponibilidad. Los colores y las decoraciones pueden variar. </p><ul>\r\n<li>!Los vehiculos Hot Wheels(r) son los favoritos de ninos, coleccionistas y fans de las carreras de todas las edades!<li><li>Cada vehiculo esta disenado a escala 1:64 con detalles realistas y decoraciones autenticas, como siempre.<li><li>!Elige entre una gran variedad de vehiculos clasicos y comienza a crear una coleccion epica!<li><li> Estos vehiculos liberan la imaginacion, ya que son perfectos para jugar a empujarlos y crear exhibiciones increibles.<li><li>Los vehiculos Hot Wheels(r) son un excelente regalo para los ninos y los amantes de los vehiculos de todas las edades quienes querran coleccionarlos todos (se venden por separado).<li>\r\n</ul>\r\n',3,41),(33,5,'Hot Wheels Collector Vehiculo de Coleccion Bundle Fast & Furious AMZ','coleccionista/Hot_Wheels_Collector_Vehiculo_de_Coleccion_Bundle_Fast_&_Furious_AMZ0.jpg',849.00,849.00,'\r\n<p>El paquete de vehiculos Rapido y Furioso(tm) premium de Hot Wheels(r) celebra el emocionante entusiasme de alta velocidad de la enorme franquicia de peliculas globales con este set especial de cinco vehiculos de coleccionista. Cada vehiculo de metal tiene una escala de 1:64 e incluye piezas fundidas de la pelicula Rapido y Furioso(tm) original en ejecucion premium. El set viene en una caja exclusiva perfecta para jugar o exhibir. Recrea tus escenas favoritas de las peliculas o exhibelos como parte de una coleccion lista para cualquier carrera. Los colores y las decoraciones podrian variar.</p><ul>\r\n<li>Compite en la emocion de Rapido y Furioso(tm), con este set de 5 vehiculos de Hot Wheels(r) premium de la pelicula que encendio la franquicia.<li><li>Cada vehiculo premium esta listo para la accion e incluye ruedas Real Riders(tm) y carroceria y chasis de Metal/Metal(tm).<li><li>El paquete incluye replicas a escala 1:64 de un Nissan Maxima 1999, Nissan Silvia S14, Nissan Skyline GT-R, Volkswagen Jetta MK3 y Ford F-150 SVT Lightning.<li><li>Viene en una caja conmemorativa especial para aumentar su capacidad de coleccion.<li><li>El Paquete premium de Rapido y Furioso(tm) de Hot Wheels(r) es el regalo perfecto para coleccionistas y fans de la franquicia.<li>\r\n</ul>\r\n',1,50),(34,5,'Hot Wheels Collector Vehiculo de Coleccion Porsche 911 GT3','coleccionista/Hot_Wheels_Collector_Vehiculo_de_Coleccion_Porsche_911_GT30.jpg',119.00,68.00,'\r\n<p>Los ninos, coleccionistas adultos y aficionados de los vehiculos deben tener esta coleccion de los vehiculos Hot Wheels(r) a escala 1:64 mas populares. Cada vehiculo viene con decoraciones realistas, detalles geniales y decoraciones autenticas que les encantaran a los amantes de los vehiculos. Los vehiculos tienen temas para jugar a empujarlos, asi como para crear una exhibicion de coleccionistas y fans de las carreras de todas las edades. !Elige tu favorito o coleccionalos todos! Se venden por separado y estan sujetos a disponibilidad. Los colores y las decoraciones pueden variar. </p><ul>\r\n<li>!Los vehiculos Hot Wheels(r) son los favoritos de ninos, coleccionistas y fans de las carreras de todas las edades!<li><li>Cada vehiculo esta disenado a escala 1:64 con detalles realistas y decoraciones autenticas, como siempre.<li><li>!Elige entre una gran variedad de vehiculos clasicos y comienza a crear una coleccion epica!<li><li> Estos vehiculos liberan la imaginacion, ya que son perfectos para jugar a empujarlos y crear exhibiciones increibles.<li><li>Los vehiculos Hot Wheels(r) son un excelente regalo para los ninos y los amantes de los vehiculos de todas las edades quienes querran coleccionarlos todos (se venden por separado).<li>\r\n</ul>\r\n',5,27),(35,5,'Hot Wheels Skate Vehiculo de Juguete Patineta Neon con Diecast Rockster','coleccionista/Hot_Wheels_Skate_Vehiculo_de_Juguete_Patineta_Neon_con_Diecast_Rockster0.jpg',229.00,229.00,'\r\n<p>Disfruta de la experiencia completa de Hot Wheels Skate(tm) con este genial set que incluye una patineta para dedos y zapatillas, ademas de un vehiculo Hot Wheels(r). La coleccion ha sido disenada en colaboracion con la leyenda del patineta Tony Hawk, y cada set tiene detalles a juego con graficos metalicos en la tabla y un vehiculo exclusivo de Hot Wheels(r). Las zapatillas que se pueden quitar ayudan a los ninos a sentir la tabla mientras experimentan con ollies, saltos y 360 sobre el vehiculo de Hot Wheels(r) incluido. Los jovenes del skateboard brillaran como profesionales en un abrir y cerrar de ojos a medida que dominan sus acrobacias con estilo como Tony Hawk. Los ninos y coleccionistas querran cada set de tablas, zapatillas y vehiculos con su ejecucion premium. Se venden por separado y estan sujetos a disponibilidad. Los colores y las decoraciones podrian variar.</p><ul>\r\n<li>Hot Wheels Skate(tm) crea la combinacion definitiva para los patinadores, amantes de las zapatillas y fans de los vehiculos de metal con cada set de patinetas para dedos premium, zapatillas con estilo y vehiculos exclusivos de Hot Wheels(r).<li><li>Hot Wheels(r) ha colaborado con el icono de la patineta Tony Hawk para crear las tablas mas geniales que inspiran acrobacias epicas. Cada tabla viene completamente montada y lista para usarse.<li><li>El vehiculo de metal de Hot Wheels(r) incluido es de escala 1:64 y cuenta con las decoraciones que adoran los fans de los vehiculos de todas las edades.<li><li>Las zapatillas pueden quitarse o usarse indistintamente con otras tablas, variando el aspecto y la sensacion de cada recorrido.<li><li>El set para coleccionistas de Hot Wheels Skate(tm) con patineta para dedos, zapatillas y vehiculo de metal es un regalo increible para los coleccionistas de Hot Wheels(r) y los ninos de 5 anos en adelante.<li>\r\n</ul>\r\n',2,82),(36,5,'Hot Wheels Collector Vehiculo de Coleccion Set Premium Garage de Jay Leno','coleccionista/Hot_Wheels_Collector_Vehiculo_de_Coleccion_Set_Premium_Garage_de_Jay_Leno0.jpg',699.00,699.00,'\r\n<p>El set de exhibicion premium Rally Legend de coleccion de Hot Wheels(r) incluye cuatro vehiculos de rally motorsport de Hot Wheels(r) que les encantaran a los fans de las carreras. Los tres vehiculos diecast a escala 1:64 y el vehiculo Team Transport vienen en distintivos empaques con ventanilla para mostrar las decoraciones premium, los neumaticos Real Riders(tm) y la carroceria y el chasis de Metal/Metal(tm). Los sets de exhibicion premium de coleccion de Hot Wheels(r)estan disenados para los coleccionistas apasionados, que los querran todos. Cada set se vende por separado y esta sujeto a disponibilidad. Los colores y las decoraciones pueden variar.</p><ul>\r\n<li>Comienza una coleccion de Hot Wheels(r) con el set de exhibicion premium Rally Legend de coleccion de Hot Wheels(r).<li><li>Incluye 3 vehiculos premium diecast y 1 vehiculo premium Team Transport a escala 1:64 empaquetado en una caja con ventanilla para aumentar su capacidad de coleccion.<li><li>Estos modelos altamente detallados tienen una excepcional decoracion grafica, carroceria y chasis de Metal/Metal(tm) y neumaticos Real Riders(tm).<li><li>El set incluye vehiculos que celebran las carreras de automovilismo e incluye replicas premium del Lancia Delta Integrale, del MG Metro 6R4 y del Ford RS200, asi como del HW Rally Hauler(tm).<li><li>Hay otros sets tematicos disponibles: los fans pueden elegir su favorito o coleccionarlos todos. (Cada set se vende por separado).<li>\r\n</ul>\r\n',3,31),(37,5,'Hot Wheels Skate Vehiculo de Juguete Patineta con Diecast Loop Coupe','coleccionista/Hot_Wheels_Skate_Vehiculo_de_Juguete_Patineta_con_Diecast_Loop_Coupe0.jpg',229.00,229.00,'\r\n<p>Disfruta de la experiencia completa de Hot Wheels Skate(tm) con este genial set que incluye una patineta para dedos y zapatillas, ademas de un vehiculo Hot Wheels(r). La coleccion ha sido disenada en colaboracion con la leyenda del patineta Tony Hawk, y cada set tiene detalles a juego con graficos metalicos en la tabla y un vehiculo exclusivo de Hot Wheels(r). Las zapatillas que se pueden quitar ayudan a los ninos a sentir la tabla mientras experimentan con ollies, saltos y 360 sobre el vehiculo de Hot Wheels(r) incluido. Los jovenes del skateboard brillaran como profesionales en un abrir y cerrar de ojos a medida que dominan sus acrobacias con estilo como Tony Hawk. Los ninos y coleccionistas querran cada set de tablas, zapatillas y vehiculos con su ejecucion premium. Se venden por separado y estan sujetos a disponibilidad. Los colores y las decoraciones podrian variar.</p><ul>\r\n<li>Hot Wheels Skate(tm) crea la combinacion definitiva para los patinadores, amantes de las zapatillas y fans de los vehiculos de metal con cada set de patinetas para dedos premium, zapatillas con estilo y vehiculos exclusivos de Hot Wheels(r).<li><li>Hot Wheels(r) ha colaborado con el icono de la patineta Tony Hawk para crear las tablas mas geniales que inspiran acrobacias epicas. Cada tabla viene completamente montada y lista para usarse.<li><li>El vehiculo de metal de Hot Wheels(r) incluido es de escala 1:64 y cuenta con las decoraciones que adoran los fans de los vehiculos de todas las edades.<li><li>Las zapatillas pueden quitarse o usarse indistintamente con otras tablas, variando el aspecto y la sensacion de cada recorrido.<li><li>El set para coleccionistas de Hot Wheels Skate(tm) con patineta para dedos, zapatillas y vehiculo de metal es un regalo increible para los coleccionistas de Hot Wheels(r) y los ninos de 5 anos en adelante.<li>\r\n</ul>\r\n',5,7),(38,5,'Hot Wheels Skate Vehiculo de Juguete Patineta con Diecast Surf N Turf','coleccionista/Hot_Wheels_Skate_Vehiculo_de_Juguete_Patineta_con_Diecast_Surf_N_Turf0.jpg',229.00,229.00,'\r\n<p>Disfruta de la experiencia completa de Hot Wheels Skate(tm) con este genial set que incluye una patineta para dedos y zapatillas, ademas de un vehiculo Hot Wheels(r). La coleccion ha sido disenada en colaboracion con la leyenda del patineta Tony Hawk, y cada set tiene detalles a juego con graficos metalicos en la tabla y un vehiculo exclusivo de Hot Wheels(r). Las zapatillas que se pueden quitar ayudan a los ninos a sentir la tabla mientras experimentan con ollies, saltos y 360 sobre el vehiculo de Hot Wheels(r) incluido. Los jovenes del skateboard brillaran como profesionales en un abrir y cerrar de ojos a medida que dominan sus acrobacias con estilo como Tony Hawk. Los ninos y coleccionistas querran cada set de tablas, zapatillas y vehiculos con su ejecucion premium. Se venden por separado y estan sujetos a disponibilidad. Los colores y las decoraciones podrian variar.</p><ul>\r\n<li>Hot Wheels Skate(tm) crea la combinacion definitiva para los patinadores, amantes de las zapatillas y fans de los vehiculos de metal con cada set de patinetas para dedos premium, zapatillas con estilo y vehiculos exclusivos de Hot Wheels(r).<li><li>Hot Wheels(r) ha colaborado con el icono de la patineta Tony Hawk para crear las tablas mas geniales que inspiran acrobacias epicas. Cada tabla viene completamente montada y lista para usarse.<li><li>El vehiculo de metal de Hot Wheels(r) incluido es de escala 1:64 y cuenta con las decoraciones que adoran los fans de los vehiculos de todas las edades.<li><li>Las zapatillas pueden quitarse o usarse indistintamente con otras tablas, variando el aspecto y la sensacion de cada recorrido.<li><li>El set para coleccionistas de Hot Wheels Skate(tm) con patineta para dedos, zapatillas y vehiculo de metal es un regalo increible para los coleccionistas de Hot Wheels(r) y los ninos de 5 anos en adelante.<li>\r\n</ul>\r\n',4,43),(39,5,'Hot Wheels Collector Vehiculo de Coleccion Alfa Romeo 8C auto de carrera','coleccionista/Hot_Wheels_Collector_Vehiculo_de_Coleccion_Alfa_Romeo_8C_auto_de_carrera0.jpg',119.00,119.00,'\r\n<p>Los ninos, coleccionistas adultos y aficionados de los vehiculos deben tener esta coleccion de los vehiculos Hot Wheels(r) a escala 1:64 mas populares. Cada vehiculo viene con decoraciones realistas, detalles geniales y decoraciones autenticas que les encantaran a los amantes de los vehiculos. Los vehiculos tienen temas para jugar a empujarlos, asi como para crear una exhibicion de coleccionistas y fans de las carreras de todas las edades. !Elige tu favorito o coleccionalos todos! Se venden por separado y estan sujetos a disponibilidad. Los colores y las decoraciones pueden variar. </p><ul>\r\n<li>!Los vehiculos Hot Wheels(r) son los favoritos de ninos, coleccionistas y fans de las carreras de todas las edades!<li><li>Cada vehiculo esta disenado a escala 1:64 con detalles realistas y decoraciones autenticas, como siempre.<li><li>!Elige entre una gran variedad de vehiculos clasicos y comienza a crear una coleccion epica!<li><li> Estos vehiculos liberan la imaginacion, ya que son perfectos para jugar a empujarlos y crear exhibiciones increibles.<li><li>Los vehiculos Hot Wheels(r) son un excelente regalo para los ninos y los amantes de los vehiculos de todas las edades quienes querran coleccionarlos todos (se venden por separado).<li>\r\n</ul>\r\n',4,93),(40,5,'Hot Wheels Collector Vehiculo de Coleccion Jaguar 15 Proyecto 7','coleccionista/Hot_Wheels_Collector_Vehiculo_de_Coleccion_Jaguar_15_Proyecto_70.jpg',119.00,119.00,'\r\n<p>Los ninos, coleccionistas adultos y aficionados de los vehiculos deben tener esta coleccion de los vehiculos Hot Wheels(r) a escala 1:64 mas populares. Cada vehiculo viene con decoraciones realistas, detalles geniales y decoraciones autenticas que les encantaran a los amantes de los vehiculos. Los vehiculos tienen temas para jugar a empujarlos, asi como para crear una exhibicion de coleccionistas y fans de las carreras de todas las edades. !Elige tu favorito o coleccionalos todos! Se venden por separado y estan sujetos a disponibilidad. Los colores y las decoraciones pueden variar. </p><ul>\r\n<li>!Los vehiculos Hot Wheels(r) son los favoritos de ninos, coleccionistas y fans de las carreras de todas las edades!<li><li>Cada vehiculo esta disenado a escala 1:64 con detalles realistas y decoraciones autenticas, como siempre.<li><li>!Elige entre una gran variedad de vehiculos clasicos y comienza a crear una coleccion epica!<li><li> Estos vehiculos liberan la imaginacion, ya que son perfectos para jugar a empujarlos y crear exhibiciones increibles.<li><li>Los vehiculos Hot Wheels(r) son un excelente regalo para los ninos y los amantes de los vehiculos de todas las edades quienes querran coleccionarlos todos (se venden por separado).<li>\r\n</ul>\r\n',3,36),(41,5,'Hot Wheels Skate Vehiculo de Juguete Patineta Arcoiris Neon con Diecast Solid Muscle','coleccionista/Hot_Wheels_Skate_Vehiculo_de_Juguete_Patineta_Arcoiris_Neon_con_Diecast_Solid_Muscle0.jpg',229.00,172.00,'\r\n<p>Disfruta de la experiencia completa de Hot Wheels Skate(tm) con este genial set que incluye una patineta para dedos y zapatillas, ademas de un vehiculo Hot Wheels(r). La coleccion ha sido disenada en colaboracion con la leyenda del patineta Tony Hawk, y cada set tiene detalles a juego con graficos metalicos en la tabla y un vehiculo exclusivo de Hot Wheels(r). Las zapatillas que se pueden quitar ayudan a los ninos a sentir la tabla mientras experimentan con ollies, saltos y 360 sobre el vehiculo de Hot Wheels(r) incluido. Los jovenes del skateboard brillaran como profesionales en un abrir y cerrar de ojos a medida que dominan sus acrobacias con estilo como Tony Hawk. Los ninos y coleccionistas querran cada set de tablas, zapatillas y vehiculos con su ejecucion premium. Se venden por separado y estan sujetos a disponibilidad. Los colores y las decoraciones podrian variar.</p><ul>\r\n<li>Hot Wheels Skate(tm) crea la combinacion definitiva para los patinadores, amantes de las zapatillas y fans de los vehiculos de metal con cada set de patinetas para dedos premium, zapatillas con estilo y vehiculos exclusivos de Hot Wheels(r).<li><li>Hot Wheels(r) ha colaborado con el icono de la patineta Tony Hawk para crear las tablas mas geniales que inspiran acrobacias epicas. Cada tabla viene completamente montada y lista para usarse<li><li>El vehiculo de metal de Hot Wheels(r) incluido es de escala 1:64 y cuenta con las decoraciones que adoran los fans de los vehiculos de todas las edades.<li><li>Las zapatillas pueden quitarse o usarse indistintamente con otras tablas, variando el aspecto y la sensacion de cada recorrido.<li><li>El set para coleccionistas de Hot Wheels Skate(tm) con patineta para dedos, zapatillas y vehiculo de metal es un regalo increible para los coleccionistas de Hot Wheels(r) y los ninos de 5 anos en adelante.<li>\r\n</ul>\r\n',4,99),(42,5,'Hot Wheels Collector Vehiculo de Coleccion Toyota AE86','coleccionista/Hot_Wheels_Collector_Vehiculo_de_Coleccion_Toyota_AE860.jpg',149.00,149.00,'\r\n<p>El surtido de Hot Wheels Boulevard(tm) incluye favoritos de los coleccionistas con una manufactura premium que los hace legendarios. Cada vehiculo a escala 1:64 esta hecho de metal, con autenticas ruedas Real Riders(tm). Hay piezas modernas y clasicas para elegir, y cada modelo tiene una decoracion exclusiva y viene en un empaque numerado: los verdaderos coleccionistas los querran todos. Se venden por separado y estan sujetos a disponibilidad. Los colores y las decoraciones podrian variar.</p><ul>\r\n<li>Cada vehiculo Hot Wheels Boulevard(tm) ofrece una manufactura premium y decoraciones geniales que llamaran la atencion en cualquier coleccion.<li><li>Cada auto a escala 1:64 tiene una carroceria y chasis Metal/Metal(tm), asi como neumaticos Real Riders(tm) autenticos.<li><li>Elige entre cualquiera de los vehiculos Hot Wheels Boulevard(tm) y obtenlos todos para formar la mayor coleccion de autos de juguete legendaria y de elite. (Se venden por separado).<li><li>Las piezas clasicas y modernas atraen a los coleccionistas de Hot Wheels(r) nuevos y experimentados.<li><li>Los vehiculos premium de Hot Wheels Boulevard(tm) son una excelente idea de regalo para los aficionados a los autos.<li>\r\n</ul>\r\n',3,87),(43,5,'Hot Wheels Collector Vehiculo de Coleccion Transportador Chevy Square con Cuerpo de Rampa','coleccionista/Hot_Wheels_Collector_Vehiculo_de_Coleccion_Transportador_Chevy_Square_con_Cuerpo_de_Rampa0.jpg',399.00,399.00,'\r\n<p>Este paquete de 2 unidades con transporte y auto de carreras de Hot Wheels(r) a escala 1:64 es imprescindible para coleccionistas adultos y fans del automovilismo en todo el mundo. El vehiculo Team Transport realmente puede cargar y descargar, e incluye un auto de componente. Con piezas realistas, decoraciones emocionantes y una abundancia de ruedas que los aficionados apreciaran, la coleccion celebra una variada gama de legados de las carreras y la cultura automovilistica. Incluye algunas de las piezas mas populares que se han producido (se venden por separado); !han sido, desde hace mucho, favoritas de los coleccionistas y los fans de las carreras de todas las edades! Elige tus favoritos para crear una coleccion unica o coleccionalos todos. Se venden por separado y estan sujetos a disponibilidad. Los colores y las decoraciones podrian variar.</p><ul>\r\n<li>La coleccion Team Transport de Hot Wheels(r) cuenta con una ejecucion premium de autos de equipos de carreras de moda y transportes famosos en todo el mundo.<li><li>Cada set incluye un auto de carreras a escala 1:64 y su vehiculo de transporte correspondiente.<li><li>Celebra el legado de las carreras y la cultura automovilistica con este auto premium y set de transporte.<li><li>Los fans mas extremos de las carreras querran coleccionarlos todos para contar con una lista completa de competidores.<li><li>Con algunas de las piezas mas populares que se han producido, los fans de las carreras y los coleccionistas los querran todos (se venden por separado).  <li>\r\n</ul>\r\n',1,36),(44,5,'Hot Wheels Collector Vehiculo de Coleccion Mercedes Benz C63 Coupe Black','coleccionista/Hot_Wheels_Collector_Vehiculo_de_Coleccion_Mercedes_Benz_C63_Coupe_Black0.jpg',149.00,149.00,'\r\n<p>El surtido de Hot Wheels Boulevard(tm) incluye favoritos de los coleccionistas con una manufactura premium que los hace legendarios. Cada vehiculo a escala 1:64 esta hecho de metal, con autenticas ruedas Real Riders(tm). Hay piezas modernas y clasicas para elegir, y cada modelo tiene una decoracion exclusiva y viene en un empaque numerado: los verdaderos coleccionistas los querran todos. Se venden por separado y estan sujetos a disponibilidad. Los colores y las decoraciones podrian variar.</p><ul>\r\n<li>Cada vehiculo Hot Wheels Boulevard(tm) ofrece una manufactura premium y decoraciones geniales que llamaran la atencion en cualquier coleccion.<li><li>Cada auto a escala 1:64 tiene una carroceria y chasis Metal/Metal(tm), asi como neumaticos Real Riders(tm) autenticos.<li><li>Elige entre cualquiera de los vehiculos Hot Wheels Boulevard(tm) y obtenlos todos para formar la mayor coleccion de autos de juguete legendaria y de elite. (Se venden por separado).<li><li>Las piezas clasicas y modernas atraen a los coleccionistas de Hot Wheels(r) nuevos y experimentados.<li><li>Los vehiculos premium de Hot Wheels Boulevard(tm) son una excelente idea de regalo para los aficionados a los autos.<li>\r\n</ul>\r\n',2,21),(45,5,'Hot Wheels Collector Vehiculo de Coleccion Mitsubishi Lancer Evo','coleccionista/Hot_Wheels_Collector_Vehiculo_de_Coleccion_Mitsubishi_Lancer_Evo0.jpg',149.00,107.00,'\r\n<p>El surtido de Hot Wheels Boulevard(tm) incluye favoritos de los coleccionistas con una manufactura premium que los hace legendarios. Cada vehiculo a escala 1:64 esta hecho de metal, con autenticas ruedas Real Riders(tm). Hay piezas modernas y clasicas para elegir, y cada modelo tiene una decoracion exclusiva y viene en un empaque numerado: los verdaderos coleccionistas los querran todos. Se venden por separado y estan sujetos a disponibilidad. Los colores y las decoraciones podrian variar.</p><ul>\r\n<li>Cada vehiculo Hot Wheels Boulevard(tm) ofrece una manufactura premium y decoraciones geniales que llamaran la atencion en cualquier coleccion.<li><li>Cada auto a escala 1:64 tiene una carroceria y chasis Metal/Metal(tm), asi como neumaticos Real Riders(tm) autenticos.<li><li>Elige entre cualquiera de los vehiculos Hot Wheels Boulevard(tm) y obtenlos todos para formar la mayor coleccion de autos de juguete legendaria y de elite. (Se venden por separado).<li><li>Las piezas clasicas y modernas atraen a los coleccionistas de Hot Wheels(r) nuevos y experimentados.<li><li>Los vehiculos premium de Hot Wheels Boulevard(tm) son una excelente idea de regalo para los aficionados a los autos.<li>\r\n</ul>\r\n',3,97),(46,5,'Hot Wheels Collector Vehiculo de Coleccion Rally Van con Trailer','coleccionista/Hot_Wheels_Collector_Vehiculo_de_Coleccion_Rally_Van_con_Trailer0.jpg',399.00,399.00,'\r\n<p>Este paquete de 2 unidades con transporte y auto de carreras de Hot Wheels(r) a escala 1:64 es imprescindible para coleccionistas adultos y fans del automovilismo en todo el mundo. El vehiculo Team Transport realmente puede cargar y descargar, e incluye un auto de componente. Con piezas realistas, decoraciones emocionantes y una abundancia de ruedas que los aficionados apreciaran, la coleccion celebra una variada gama de legados de las carreras y la cultura automovilistica. Incluye algunas de las piezas mas populares que se han producido (se venden por separado); !han sido, desde hace mucho, favoritas de los coleccionistas y los fans de las carreras de todas las edades! Elige tus favoritos para crear una coleccion unica o coleccionalos todos. Se venden por separado y estan sujetos a disponibilidad. Los colores y las decoraciones podrian variar.</p><ul>\r\n<li>La coleccion Team Transport de Hot Wheels(r) cuenta con una ejecucion premium de autos de equipos de carreras de moda y transportes famosos en todo el mundo.<li><li>Cada set incluye un auto de carreras a escala 1:64 y su vehiculo de transporte correspondiente.<li><li>Celebra el legado de las carreras y la cultura automovilistica con este auto premium y set de transporte.<li><li>Los fans mas extremos de las carreras querran coleccionarlos todos para contar con una lista completa de competidores.<li><li>Con algunas de las piezas mas populares que se han producido, los fans de las carreras y los coleccionistas los querran todos (se venden por separado).  <li>\r\n</ul>\r\n',1,21),(47,5,'Hot Wheels Collector Vehiculo de Coleccion 77 Holden Torana A9X','coleccionista/Hot_Wheels_Collector_Vehiculo_de_Coleccion_77_Holden_Torana_A9X0.jpg',149.00,149.00,'\r\n<p>El surtido de Hot Wheels Boulevard(tm) incluye favoritos de los coleccionistas con una ejecucion premium que los hace legendarios. Cada auto die-cast esta hecho a escala 1:64 y tiene un cuerpo hecho totalmente die-cast, con autenticas ruedas Real Riders(tm). Hay piezas modernas y clasicas para elegir, y cada modelo tiene una decoracion exclusiva y viene en un empaque numerado; los verdaderos coleccionistas los querran todos. Se venden por separado y estan sujetos a disponibilidad. Los colores y las decoraciones podrian variar.</p><ul>\r\n<li>Cada vehiculo Hot Wheels Boulevard(tm) ofrece una ejecucion premium y decoraciones geniales que llamaran la atencion en cualquier coleccion.<li><li>Cada auto a escala 1:64 tiene un cuerpo y chasis Metal/Metal(tm), asi como neumaticos Real Riders(tm) autenticos.<li><li>Elige entre cualquiera de los vehiculos Hot Wheels Boulevard(tm) u obtenlos todos para formar la coleccion de autos de juguete mas de elite y legendaria. (Se venden por separado).<li><li>Las piezas clasicas y modernas atraen a los coleccionistas de Hot Wheels(r) nuevos y experimentados.<li><li>Los vehiculos premium de Hot Wheels Boulevard(tm) son una excelente idea de regalo para los aficionados a los autos.<li>\r\n</ul>\r\n',3,12),(48,5,'Hot Wheels Collector Vehiculo de Coleccion 91 GMC Syclone','coleccionista/Hot_Wheels_Collector_Vehiculo_de_Coleccion_91_GMC_Syclone0.jpg',149.00,149.00,'\r\n<p>El surtido de Hot Wheels Boulevard(tm) incluye favoritos de los coleccionistas con una manufactura premium que los hace legendarios. Cada vehiculo a escala 1:64 esta hecho de metal, con autenticas ruedas Real Riders(tm). Hay piezas modernas y clasicas para elegir, y cada modelo tiene una decoracion exclusiva y viene en un empaque numerado: los verdaderos coleccionistas los querran todos. Se venden por separado y estan sujetos a disponibilidad. Los colores y las decoraciones podrian variar.</p><ul>\r\n<li>Cada vehiculo Hot Wheels Boulevard(tm) ofrece una manufactura premium y decoraciones geniales que llamaran la atencion en cualquier coleccion.<li><li>Cada auto a escala 1:64 tiene una carroceria y chasis Metal/Metal(tm), asi como neumaticos Real Riders(tm) autenticos.<li><li>Elige entre cualquiera de los vehiculos Hot Wheels Boulevard(tm) y obtenlos todos para formar la mayor coleccion de autos de juguete legendaria y de elite. (Se venden por separado).<li><li>Las piezas clasicas y modernas atraen a los coleccionistas de Hot Wheels(r) nuevos y experimentados.<li><li>Los vehiculos premium de Hot Wheels Boulevard(tm) son una excelente idea de regalo para los aficionados a los autos.<li>\r\n</ul>\r\n',1,97),(49,2,'Hot Wheels Monster Trucks Vehiculo a Control Remoto Tiger Shark 115','control remoto/Hot_Wheels_Monster_Trucks_Vehiculo_a_Control_Remoto_Tiger_Shark_1150.jpg',1699.00,1699.00,'\r\n<p>Hot Wheels Monster Trucks Vehiculo a Control Remoto Tiger Shark 1:15</p><ul>\r\n<li> El Tiger Shark(tm) de radiocontrol de Hot Wheels(r) Monster Trucks atacan los terrenos como un depredador malvado gracias a su tecnologia Terrain Stomp Technology(tm) de HW, que conquista suelos, rocas, cesped y !mucho mas!<li><li> Gracias a un diseno innovador y los enormes neumaticos grandes y grandes Tread Attack Tires(tm), este Tiger Shark \"pisa\" varias superficies y emula un tigre rugiendo al acecho.<li><li> Este auto a escala de 1:15 altamente detallado acciona todas sus funciones a control remoto, tiene carga por USB y velocidades de hasta 6 MPH.<li><li> Los ninos y los fans de Monster Trucks Live pueden recrear sus secuencias de accion Tigre Shark favoritas del espectaculo y, gracias a su frecuencia de 2.4 GHz, se pueden utilizar junto con otros vehiculos de radiocontrol sin interferencias. (Los vehiculos adicionales se venden por separado).<li><li> Tiger Shark(tm) de radiocontrol de Monster Trucks de Hot Wheels(r) es un regalo epico para cualquier fan del radiocontrol y ninos de 4 anos en adelante.<li>\r\n</ul>\r\n',3,47),(50,2,'Hot Wheels Monster Trucks Vehiculo a Control Remoto 5-Alarm 124','control remoto/Hot_Wheels_Monster_Trucks_Vehiculo_a_Control_Remoto_5-Alarm_1240.jpg',529.00,513.00,'\r\n<p>Hot Wheels Monster Trucks Vehiculo a Control Remoto 5-Alarm 1:24</p><ul>\r\n<li> Conduce hasta la accion con HW 5-Alarm(tm) de Hot Wheels(r) Monster Trucks de radiocontorl, un Monster Truck a control remoto que trae los choques y la destruccion a casa.<li><li> Este vehiculo a control remoto de funcion completa tiene una escala de 1:24 con Terrain Action Tires(tm) para mejorar el rendimiento en diversas condiciones.<li><li> Tiene direccion del tanque de traccion en todas las ruedas y puede alcanzar velocidades de 5 MPH en el suelo. !Apoyalo sobre sus ruedas traseras para invertir las acrobacias y los choques!<li><li> Recrea tus batallas favoritas cabeza a cabeza de Monster Trucks Live con la rampa incluida para lanzar acrobacias y comenzar la destruccion.<li><li> A los ninos de 4 anos en adelante les encantara controlar la accion del vehiculo 5-Alarm(tm) de Hot Wheels(r) Monster Trucks de radiocontrol.<li>\r\n</ul>\r\n',3,45),(51,2,'Hot Wheels Vehiculo a Control Remoto Lighyear Escala 120','control remoto/Hot_Wheels_Vehiculo_a_Control_Remoto_Lighyear_Escala_1200.jpg',899.00,899.00,'\r\n<p>Hot Wheels Vehiculo a Control Remoto Lighyear Escala 1:20</p><ul>\r\n<li>!Con el Hot Wheels(r) R/C Disney y Pixar Lightyear Space Commander Vehicle, los ninos conducen la emocion y las aventuras espaciales en casa con un estilizado vehiculo de control remoto!<li><li>Vuelva a representar las escenas favoritas de Lightyear o cree otras nuevas con esta replica a escala 1:20 que presenta detalles geniales y decoraciones autenticas de la pelicula.<li><li> Hay asientos para tres figuras de accion de 5\", como Buzz Lightyear o un Space Ranger (cada uno se vende por separado) para mas posibilidades de contar historias.<li><li>Las ruedas de gran tamano ayudan a maniobrar en paisajes interplanetarios mas traicioneros.<li><li>A los ninos a partir de 5 anos y a los fans de Lightyear les encantara conducir el Rover de Buzz y crear aventuras interminables e historias epicas.<li>\r\n</ul>\r\n',5,85),(52,2,'Hot Wheels Monster Trucks Vehiculo a Control Remoto Race Ace 124','control remoto/Hot_Wheels_Monster_Trucks_Vehiculo_a_Control_Remoto_Race_Ace_1240.jpg',529.00,529.00,'\r\n<p>Hot Wheels Monster Trucks Vehiculo a Control Remoto Race Ace 1:24</p><ul>\r\n<li> Conduce hasta la accion con Race Ace(tm) de Hot Wheels(r) Monster Trucks de radiocontrol, un Monster Truck a control remoto que trae los choques y la destruccion a casa.<li><li> Este vehiculo a control remoto de funcion completa tiene una escala de 1:24 con Terrain Action Tires(tm) para mejorar el rendimiento en diversas superficies.<li><li> Tiene direccion del tanque de traccion en todas las ruedas y puede alcanzar velocidades de 5 MPH en el suelo. !Apoyalo sobre sus ruedas traseras para invertir las acrobacias y los choques!<li><li> Recrea tus momentos favoritos de Monster Trucks Live con la rampa incluida para lanzar acrobacias y comenzar la destruccion.<li><li> A los ninos de 4 anos en adelante les encantara controlar la accion del vehiculo Race Ace(tm) de Hot Wheels(r) Monster Trucks de radiocontrol.<li>\r\n</ul>\r\n',3,87),(53,2,'Hot Wheels Monster Trucks Vehiculo a Control Remoto Bone Shaker 115','control remoto/Hot_Wheels_Monster_Trucks_Vehiculo_a_Control_Remoto_Bone_Shaker_1150.jpg',1199.00,1199.00,'\r\n<p>Hot Wheels Monster Trucks Vehiculo a Control Remoto Bone Shaker 1:15</p><ul>\r\n<li> Bone Shaker(tm) de Hot Wheels(r) Monster Trucks de radiocontrol ofrece destrozos y choques a control remoto con estilo.<li><li> El vehiculo a escala de 1:15 tiene decoracion temeraria y enormes neumaticos de Accion Terrain Tires(tm), que han convertido al Bone Shaker(tm) en uno de los favoritos de los fans en el universo de Monster Trucks.<li><li> Funciona con una frecuencia de 2.4 GHz para garantizar que no haya interferencias cuando se utiliza con otros dispositivos de control remoto y que el camion se recargue facilmente con el cable USB incluido.<li><li> Con los neumaticos Terrain Action Tires(tm), los ninos pueden enviar al Bone Shaker(tm) a pasar por distintos paisajes o por encima de otros Monster Trucks, incluso a velocidades de hasta 8 km/h. (Los vehiculos adicionales se venden por separado).<li><li> Bone Shaker(tm) de Hot Wheels(r) Monster Trucks de radiocontrol es una excelente opcion de regalo para los fans rebeldes del Monster Truck a partir de los 4 anos en adelante.<li>\r\n</ul>\r\n',4,82),(54,2,'Hot Wheels Monster Trucks Vehiculo a Control Remoto Demo Derby 124','control remoto/Hot_Wheels_Monster_Trucks_Vehiculo_a_Control_Remoto_Demo_Derby_1240.jpg',1199.00,1199.00,'\r\n<p>Hot Wheels Monster Trucks Vehiculo a Control Remoto Demo Derby 1:24</p><ul>\r\n<li> Demo Derby(tm) de Hot Wheels(r) Monster Trucks de radiocontrol viene con un vehiculo a control remoto con gran personalidad y un estilo alocado.<li><li> El vehiculo a escala de 1:15 tiene decoracion temeraria y enormes neumaticos de Accion Terrain Tires(tm), que han convertido a Demo Derby(tm) de HW en uno de los favoritos de los fans en el universo de Monster Trucks.<li><li> Funciona con una frecuencia de 2.4 GHz para garantizar que no haya interferencias cuando se utiliza con otros dispositivos de control remoto y que el camion se recargue facilmente con el cable USB incluido.<li><li> Con los neumaticos Terrain Action Tires(tm), los ninos pueden enviar a Demo Derby(tm) de HW a pasar por distintos paisajes o por encima de otros Monster Trucks, incluso a velocidades de hasta 5 km/h. (Los vehiculos adicionales se venden por separado).<li><li> Bone Shaker(tm)de Hot Wheels(r) Monster Trucks de radiocontrol es un regalo genial para ninos de 4 anos en adelante que adoren la locura de sus personajes de Monster Trucks.<li>\r\n</ul>\r\n',2,49);
/*!40000 ALTER TABLE `producto` ENABLE KEYS */;
UNLOCK TABLES;

--
-- Table structure for table `producto_imagen`
--

DROP TABLE IF EXISTS `producto_imagen`;
/*!40101 SET @saved_cs_client     = @@character_set_client */;
/*!50503 SET character_set_client = utf8mb4 */;
CREATE TABLE `producto_imagen` (
  `id_productoImagen` int NOT NULL AUTO_INCREMENT,
  `id_producto` int NOT NULL,
  `imagen` varchar(300) DEFAULT NULL,
  PRIMARY KEY (`id_productoImagen`)
) ENGINE=InnoDB AUTO_INCREMENT=194 DEFAULT CHARSET=utf8mb4 COLLATE=utf8mb4_0900_ai_ci;
/*!40101 SET character_set_client = @saved_cs_client */;

--
-- Dumping data for table `producto_imagen`
--

LOCK TABLES `producto_imagen` WRITE;
/*!40000 ALTER TABLE `producto_imagen` DISABLE KEYS */;
INSERT INTO `producto_imagen` VALUES (1,1,'construccion/MEGA_Hot_Wheels_Juguete_de_Construccion_Collector_Big_Foot1.jpg'),(2,1,'construccion/MEGA_Hot_Wheels_Juguete_de_Construccion_Collector_Big_Foot2.jpg'),(3,1,'construccion/MEGA_Hot_Wheels_Juguete_de_Construccion_Collector_Big_Foot3.jpg'),(4,1,'construccion/MEGA_Hot_Wheels_Juguete_de_Construccion_Collector_Big_Foot4.jpg'),(5,1,'construccion/MEGA_Hot_Wheels_Juguete_de_Construccion_Collector_Big_Foot5.jpg'),(6,2,'construccion/MEGA_Hot_Wheels_Juguete_de_Construccion_Monster_Trucks_S&C_Tiger_Shark_Chomp_Course1.jpg'),(7,2,'construccion/MEGA_Hot_Wheels_Juguete_de_Construccion_Monster_Trucks_S&C_Tiger_Shark_Chomp_Course2.jpg'),(8,2,'construccion/MEGA_Hot_Wheels_Juguete_de_Construccion_Monster_Trucks_S&C_Tiger_Shark_Chomp_Course3.jpg'),(9,2,'construccion/MEGA_Hot_Wheels_Juguete_de_Construccion_Monster_Trucks_S&C_Tiger_Shark_Chomp_Course4.jpg'),(10,3,'construccion/MEGA_Hot_Wheels_Juguete_de_Construccion_5_Alarm_Monster_Truck_&_ATV1.jpg'),(11,3,'construccion/MEGA_Hot_Wheels_Juguete_de_Construccion_5_Alarm_Monster_Truck_&_ATV2.jpg'),(12,3,'construccion/MEGA_Hot_Wheels_Juguete_de_Construccion_5_Alarm_Monster_Truck_&_ATV3.jpg'),(13,3,'construccion/MEGA_Hot_Wheels_Juguete_de_Construccion_5_Alarm_Monster_Truck_&_ATV4.jpg'),(14,3,'construccion/MEGA_Hot_Wheels_Juguete_de_Construccion_5_Alarm_Monster_Truck_&_ATV5.jpg'),(15,4,'construccion/MEGA_Hot_Wheels_Juguete_de_Construccion_Monster_Truck_Tiger_Shark1.jpg'),(16,4,'construccion/MEGA_Hot_Wheels_Juguete_de_Construccion_Monster_Truck_Tiger_Shark2.jpg'),(17,4,'construccion/MEGA_Hot_Wheels_Juguete_de_Construccion_Monster_Truck_Tiger_Shark3.jpg'),(18,4,'construccion/MEGA_Hot_Wheels_Juguete_de_Construccion_Monster_Truck_Tiger_Shark4.jpg'),(19,4,'construccion/MEGA_Hot_Wheels_Juguete_de_Construccion_Monster_Truck_Tiger_Shark5.jpg'),(20,5,'construccion/MEGA_Hot_Wheels_Juguete_de_Construccion_Mega-Wrex_Monster_Truck1.jpg'),(21,5,'construccion/MEGA_Hot_Wheels_Juguete_de_Construccion_Mega-Wrex_Monster_Truck2.jpg'),(22,5,'construccion/MEGA_Hot_Wheels_Juguete_de_Construccion_Mega-Wrex_Monster_Truck3.jpg'),(23,5,'construccion/MEGA_Hot_Wheels_Juguete_de_Construccion_Mega-Wrex_Monster_Truck4.jpg'),(24,5,'construccion/MEGA_Hot_Wheels_Juguete_de_Construccion_Mega-Wrex_Monster_Truck5.jpg'),(25,6,'construccion/MEGA_Hot_Wheels_Juguete_de_Construccion_Monster_Truck_Bone_Shaker1.jpg'),(26,6,'construccion/MEGA_Hot_Wheels_Juguete_de_Construccion_Monster_Truck_Bone_Shaker2.jpg'),(27,6,'construccion/MEGA_Hot_Wheels_Juguete_de_Construccion_Monster_Truck_Bone_Shaker3.jpg'),(28,6,'construccion/MEGA_Hot_Wheels_Juguete_de_Construccion_Monster_Truck_Bone_Shaker4.jpg'),(29,6,'construccion/MEGA_Hot_Wheels_Juguete_de_Construccion_Monster_Truck_Bone_Shaker5.jpg'),(30,7,'construccion/MEGA_Hot_Wheels_Juguete_de_Construccion_Twin_Mill_Rojo1.jpg'),(31,7,'construccion/MEGA_Hot_Wheels_Juguete_de_Construccion_Twin_Mill_Rojo2.jpg'),(32,7,'construccion/MEGA_Hot_Wheels_Juguete_de_Construccion_Twin_Mill_Rojo3.jpg'),(33,7,'construccion/MEGA_Hot_Wheels_Juguete_de_Construccion_Twin_Mill_Rojo4.jpg'),(34,8,'construccion/MEGA_Hot_Wheels_Juguete_de_Construccion_Collector_Muscle_Bound1.jpg'),(35,8,'construccion/MEGA_Hot_Wheels_Juguete_de_Construccion_Collector_Muscle_Bound2.jpg'),(36,8,'construccion/MEGA_Hot_Wheels_Juguete_de_Construccion_Collector_Muscle_Bound3.jpg'),(37,8,'construccion/MEGA_Hot_Wheels_Juguete_de_Construccion_Collector_Muscle_Bound4.jpg'),(38,8,'construccion/MEGA_Hot_Wheels_Juguete_de_Construccion_Collector_Muscle_Bound5.jpg'),(39,9,'construccion/MEGA_Hot_Wheels_Juguete_de_Construccion_Carro_GT_Hunter1.jpg'),(40,9,'construccion/MEGA_Hot_Wheels_Juguete_de_Construccion_Carro_GT_Hunter2.jpg'),(41,9,'construccion/MEGA_Hot_Wheels_Juguete_de_Construccion_Carro_GT_Hunter3.jpg'),(42,9,'construccion/MEGA_Hot_Wheels_Juguete_de_Construccion_Carro_GT_Hunter4.jpg'),(43,10,'construccion/MEGA_Hot_Wheels_Juguete_de_Construccion_Carro_Muscle_Bound1.jpg'),(44,10,'construccion/MEGA_Hot_Wheels_Juguete_de_Construccion_Carro_Muscle_Bound2.jpg'),(45,10,'construccion/MEGA_Hot_Wheels_Juguete_de_Construccion_Carro_Muscle_Bound3.jpg'),(46,11,'construccion/MEGA_Hot_Wheels_Juguete_de_Construccion_Carro_Bone_Shaker1.jpg'),(47,11,'construccion/MEGA_Hot_Wheels_Juguete_de_Construccion_Carro_Bone_Shaker2.jpg'),(48,11,'construccion/MEGA_Hot_Wheels_Juguete_de_Construccion_Carro_Bone_Shaker3.jpg'),(49,11,'construccion/MEGA_Hot_Wheels_Juguete_de_Construccion_Carro_Bone_Shaker4.jpg'),(50,12,'construccion/MEGA_Hot_Wheels_Juguete_de_Construccion_Carro_Twinmill1.jpg'),(51,12,'construccion/MEGA_Hot_Wheels_Juguete_de_Construccion_Carro_Twinmill2.jpg'),(52,12,'construccion/MEGA_Hot_Wheels_Juguete_de_Construccion_Carro_Twinmill3.jpg'),(53,12,'construccion/MEGA_Hot_Wheels_Juguete_de_Construccion_Carro_Twinmill4.jpg'),(54,12,'construccion/MEGA_Hot_Wheels_Juguete_de_Construccion_Carro_Twinmill5.jpg'),(55,13,'construccion/MEGA_Hot_Wheels_Juguete_de_Construccion_Collector_GM_1977_Pontiac_Firebird1.jpg'),(56,13,'construccion/MEGA_Hot_Wheels_Juguete_de_Construccion_Collector_GM_1977_Pontiac_Firebird2.jpg'),(57,13,'construccion/MEGA_Hot_Wheels_Juguete_de_Construccion_Collector_GM_1977_Pontiac_Firebird3.jpg'),(58,14,'construccion/MEGA_Hot_Wheels_Juguete_de_Construccion_Collector_Purple_Passion1.jpg'),(59,14,'construccion/MEGA_Hot_Wheels_Juguete_de_Construccion_Collector_Purple_Passion2.jpg'),(60,14,'construccion/MEGA_Hot_Wheels_Juguete_de_Construccion_Collector_Purple_Passion3.jpg'),(61,14,'construccion/MEGA_Hot_Wheels_Juguete_de_Construccion_Collector_Purple_Passion4.jpg'),(62,14,'construccion/MEGA_Hot_Wheels_Juguete_de_Construccion_Collector_Purple_Passion5.jpg'),(63,15,'construccion/MEGA_Hot_Wheels_Juguete_de_Construccion_Bone_Shaker_Amarillo1.jpg'),(64,15,'construccion/MEGA_Hot_Wheels_Juguete_de_Construccion_Bone_Shaker_Amarillo2.jpg'),(65,15,'construccion/MEGA_Hot_Wheels_Juguete_de_Construccion_Bone_Shaker_Amarillo3.jpg'),(66,15,'construccion/MEGA_Hot_Wheels_Juguete_de_Construccion_Bone_Shaker_Amarillo4.jpg'),(67,16,'construccion/MEGA_Hot_Wheels_Juguete_de_Construccion_HW401.jpg'),(68,16,'construccion/MEGA_Hot_Wheels_Juguete_de_Construccion_HW402.jpg'),(69,16,'construccion/MEGA_Hot_Wheels_Juguete_de_Construccion_HW403.jpg'),(70,17,'construccion/MEGA_Hot_Wheels_Juguete_de_Construccion_Roger_Dodger1.jpg'),(71,17,'construccion/MEGA_Hot_Wheels_Juguete_de_Construccion_Roger_Dodger2.jpg'),(72,17,'construccion/MEGA_Hot_Wheels_Juguete_de_Construccion_Roger_Dodger3.jpg'),(73,17,'construccion/MEGA_Hot_Wheels_Juguete_de_Construccion_Roger_Dodger4.jpg'),(74,18,'construccion/MEGA_Hot_Wheels_Juguete_de_Construccion_Race_Ace_Monster_Truck1.jpg'),(75,18,'construccion/MEGA_Hot_Wheels_Juguete_de_Construccion_Race_Ace_Monster_Truck2.jpg'),(76,18,'construccion/MEGA_Hot_Wheels_Juguete_de_Construccion_Race_Ace_Monster_Truck3.jpg'),(77,18,'construccion/MEGA_Hot_Wheels_Juguete_de_Construccion_Race_Ace_Monster_Truck4.jpg'),(78,18,'construccion/MEGA_Hot_Wheels_Juguete_de_Construccion_Race_Ace_Monster_Truck5.jpg'),(79,18,'construccion/MEGA_Hot_Wheels_Juguete_de_Construccion_Race_Ace_Monster_Truck6.jpg'),(80,19,'construccion/MEGA_Hot_Wheels_Juguete_de_Construccion_Rodger_Dodger_&_Hot_Wheels_Racing1.jpg'),(81,19,'construccion/MEGA_Hot_Wheels_Juguete_de_Construccion_Rodger_Dodger_&_Hot_Wheels_Racing2.jpg'),(82,19,'construccion/MEGA_Hot_Wheels_Juguete_de_Construccion_Rodger_Dodger_&_Hot_Wheels_Racing3.jpg'),(83,19,'construccion/MEGA_Hot_Wheels_Juguete_de_Construccion_Rodger_Dodger_&_Hot_Wheels_Racing4.jpg'),(84,19,'construccion/MEGA_Hot_Wheels_Juguete_de_Construccion_Rodger_Dodger_&_Hot_Wheels_Racing5.jpg'),(85,20,'construccion/MEGA_Hot_Wheels_Juguete_de_Construccion_Gunkster_Monster_Truck1.jpg'),(86,20,'construccion/MEGA_Hot_Wheels_Juguete_de_Construccion_Gunkster_Monster_Truck2.jpg'),(87,20,'construccion/MEGA_Hot_Wheels_Juguete_de_Construccion_Gunkster_Monster_Truck3.jpg'),(88,20,'construccion/MEGA_Hot_Wheels_Juguete_de_Construccion_Gunkster_Monster_Truck4.jpg'),(89,20,'construccion/MEGA_Hot_Wheels_Juguete_de_Construccion_Gunkster_Monster_Truck5.jpg'),(90,21,'construccion/MEGA_Hot_Wheels_Juguete_de_Construccion_Collector_Rodger_Dodger1.jpg'),(91,21,'construccion/MEGA_Hot_Wheels_Juguete_de_Construccion_Collector_Rodger_Dodger2.jpg'),(92,21,'construccion/MEGA_Hot_Wheels_Juguete_de_Construccion_Collector_Rodger_Dodger3.jpg'),(93,21,'construccion/MEGA_Hot_Wheels_Juguete_de_Construccion_Collector_Rodger_Dodger4.jpg'),(94,21,'construccion/MEGA_Hot_Wheels_Juguete_de_Construccion_Collector_Rodger_Dodger5.jpg'),(95,21,'construccion/MEGA_Hot_Wheels_Juguete_de_Construccion_Collector_Rodger_Dodger6.jpg'),(96,22,'construccion/MEGA_Hot_Wheels_Juguete_de_Construccion_Collector_Street_Rodder1.jpg'),(97,22,'construccion/MEGA_Hot_Wheels_Juguete_de_Construccion_Collector_Street_Rodder2.jpg'),(98,22,'construccion/MEGA_Hot_Wheels_Juguete_de_Construccion_Collector_Street_Rodder3.jpg'),(99,22,'construccion/MEGA_Hot_Wheels_Juguete_de_Construccion_Collector_Street_Rodder4.jpg'),(100,22,'construccion/MEGA_Hot_Wheels_Juguete_de_Construccion_Collector_Street_Rodder5.jpg'),(101,23,'construccion/MEGA_Hot_Wheels_Juguete_de_Construccion_Bone_Shaker1.jpg'),(102,23,'construccion/MEGA_Hot_Wheels_Juguete_de_Construccion_Bone_Shaker2.jpg'),(103,23,'construccion/MEGA_Hot_Wheels_Juguete_de_Construccion_Bone_Shaker3.jpg'),(104,23,'construccion/MEGA_Hot_Wheels_Juguete_de_Construccion_Bone_Shaker4.jpg'),(105,23,'construccion/MEGA_Hot_Wheels_Juguete_de_Construccion_Bone_Shaker5.jpg'),(106,24,'coleccionista/Hot_Wheels_Collector_Vehiculo_de_Juguete_Premium_Batman_Bundle1.jpg'),(107,24,'coleccionista/Hot_Wheels_Collector_Vehiculo_de_Juguete_Premium_Batman_Bundle2.jpg'),(108,24,'coleccionista/Hot_Wheels_Collector_Vehiculo_de_Juguete_Premium_Batman_Bundle3.jpg'),(109,24,'coleccionista/Hot_Wheels_Collector_Vehiculo_de_Juguete_Premium_Batman_Bundle4.jpg'),(110,24,'coleccionista/Hot_Wheels_Collector_Vehiculo_de_Juguete_Premium_Batman_Bundle5.jpg'),(111,25,'coleccionista/Hot_Wheels_Batman_Vehiculo_de_Juguete_Escala_1501.jpg'),(112,25,'coleccionista/Hot_Wheels_Batman_Vehiculo_de_Juguete_Escala_1502.jpg'),(113,25,'coleccionista/Hot_Wheels_Batman_Vehiculo_de_Juguete_Escala_1503.jpg'),(114,25,'coleccionista/Hot_Wheels_Batman_Vehiculo_de_Juguete_Escala_1504.jpg'),(115,26,'coleccionista/Hot_Wheels_Collector_Vehiculo_de_Coleccion_Transportador_Legends1.jpg'),(116,26,'coleccionista/Hot_Wheels_Collector_Vehiculo_de_Coleccion_Transportador_Legends2.jpg'),(117,26,'coleccionista/Hot_Wheels_Collector_Vehiculo_de_Coleccion_Transportador_Legends3.jpg'),(118,26,'coleccionista/Hot_Wheels_Collector_Vehiculo_de_Coleccion_Transportador_Legends4.jpg'),(119,26,'coleccionista/Hot_Wheels_Collector_Vehiculo_de_Coleccion_Transportador_Legends5.jpg'),(120,27,'coleccionista/Hot_Wheels_Collector_Vehiculo_de_Coleccion_Legends_Paquete_de_5_Autos1.jpg'),(121,27,'coleccionista/Hot_Wheels_Collector_Vehiculo_de_Coleccion_Legends_Paquete_de_5_Autos2.jpg'),(122,27,'coleccionista/Hot_Wheels_Collector_Vehiculo_de_Coleccion_Legends_Paquete_de_5_Autos3.jpg'),(123,27,'coleccionista/Hot_Wheels_Collector_Vehiculo_de_Coleccion_Legends_Paquete_de_5_Autos4.jpg'),(124,27,'coleccionista/Hot_Wheels_Collector_Vehiculo_de_Coleccion_Legends_Paquete_de_5_Autos5.jpg'),(125,28,'coleccionista/Hot_Wheels_Collector_Vehiculo_de_Coleccion_Fast_&_Furious_Paquete_de_10_Autos1.jpg'),(126,28,'coleccionista/Hot_Wheels_Collector_Vehiculo_de_Coleccion_Fast_&_Furious_Paquete_de_10_Autos2.jpg'),(127,28,'coleccionista/Hot_Wheels_Collector_Vehiculo_de_Coleccion_Fast_&_Furious_Paquete_de_10_Autos3.jpg'),(128,28,'coleccionista/Hot_Wheels_Collector_Vehiculo_de_Coleccion_Fast_&_Furious_Paquete_de_10_Autos4.jpg'),(129,28,'coleccionista/Hot_Wheels_Collector_Vehiculo_de_Coleccion_Fast_&_Furious_Paquete_de_10_Autos5.jpg'),(130,29,'coleccionista/Hot_Wheels_Collector_Vehiculo_de_Coleccion_Paquete_de_autos_ZAMAC1.jpg'),(131,29,'coleccionista/Hot_Wheels_Collector_Vehiculo_de_Coleccion_Paquete_de_autos_ZAMAC2.jpg'),(132,29,'coleccionista/Hot_Wheels_Collector_Vehiculo_de_Coleccion_Paquete_de_autos_ZAMAC3.jpg'),(133,29,'coleccionista/Hot_Wheels_Collector_Vehiculo_de_Coleccion_Paquete_de_autos_ZAMAC4.jpg'),(134,30,'coleccionista/Hot_Wheels_Collector_Vehiculo_de_Coleccion_Stars_and_Stripes1.jpg'),(135,30,'coleccionista/Hot_Wheels_Collector_Vehiculo_de_Coleccion_Stars_and_Stripes2.jpg'),(136,30,'coleccionista/Hot_Wheels_Collector_Vehiculo_de_Coleccion_Stars_and_Stripes3.jpg'),(137,30,'coleccionista/Hot_Wheels_Collector_Vehiculo_de_Coleccion_Stars_and_Stripes4.jpg'),(138,30,'coleccionista/Hot_Wheels_Collector_Vehiculo_de_Coleccion_Stars_and_Stripes5.jpg'),(139,31,'coleccionista/Hot_Wheels_Collector_Vehiculo_de_Coleccion_Halcon_Milenario1.jpg'),(140,31,'coleccionista/Hot_Wheels_Collector_Vehiculo_de_Coleccion_Halcon_Milenario2.jpg'),(141,31,'coleccionista/Hot_Wheels_Collector_Vehiculo_de_Coleccion_Halcon_Milenario3.jpg'),(142,31,'coleccionista/Hot_Wheels_Collector_Vehiculo_de_Coleccion_Halcon_Milenario4.jpg'),(143,33,'coleccionista/Hot_Wheels_Collector_Vehiculo_de_Coleccion_Bundle_Fast_&_Furious_AMZ1.jpg'),(144,33,'coleccionista/Hot_Wheels_Collector_Vehiculo_de_Coleccion_Bundle_Fast_&_Furious_AMZ2.jpg'),(145,33,'coleccionista/Hot_Wheels_Collector_Vehiculo_de_Coleccion_Bundle_Fast_&_Furious_AMZ3.jpg'),(146,33,'coleccionista/Hot_Wheels_Collector_Vehiculo_de_Coleccion_Bundle_Fast_&_Furious_AMZ4.jpg'),(147,33,'coleccionista/Hot_Wheels_Collector_Vehiculo_de_Coleccion_Bundle_Fast_&_Furious_AMZ5.jpg'),(148,34,'coleccionista/Hot_Wheels_Collector_Vehiculo_de_Coleccion_Porsche_911_GT34.jpg'),(149,35,'coleccionista/Hot_Wheels_Skate_Vehiculo_de_Juguete_Patineta_Neon_con_Diecast_Rockster5.jpg'),(150,36,'coleccionista/Hot_Wheels_Collector_Vehiculo_de_Coleccion_Set_Premium_Garage_de_Jay_Leno5.jpg'),(151,37,'coleccionista/Hot_Wheels_Skate_Vehiculo_de_Juguete_Patineta_con_Diecast_Loop_Coupe4.jpg'),(152,38,'coleccionista/Hot_Wheels_Skate_Vehiculo_de_Juguete_Patineta_con_Diecast_Surf_N_Turf5.jpg'),(153,39,'coleccionista/Hot_Wheels_Collector_Vehiculo_de_Coleccion_Alfa_Romeo_8C_auto_de_carrera3.jpg'),(154,40,'coleccionista/Hot_Wheels_Collector_Vehiculo_de_Coleccion_Jaguar_15_Proyecto_74.jpg'),(155,41,'coleccionista/Hot_Wheels_Skate_Vehiculo_de_Juguete_Patineta_Arcoiris_Neon_con_Diecast_Solid_Muscle5.jpg'),(156,43,'coleccionista/Hot_Wheels_Collector_Vehiculo_de_Coleccion_Transportador_Chevy_Square_con_Cuerpo_de_Rampa1.jpg'),(157,43,'coleccionista/Hot_Wheels_Collector_Vehiculo_de_Coleccion_Transportador_Chevy_Square_con_Cuerpo_de_Rampa2.jpg'),(158,43,'coleccionista/Hot_Wheels_Collector_Vehiculo_de_Coleccion_Transportador_Chevy_Square_con_Cuerpo_de_Rampa3.jpg'),(159,43,'coleccionista/Hot_Wheels_Collector_Vehiculo_de_Coleccion_Transportador_Chevy_Square_con_Cuerpo_de_Rampa4.jpg'),(160,43,'coleccionista/Hot_Wheels_Collector_Vehiculo_de_Coleccion_Transportador_Chevy_Square_con_Cuerpo_de_Rampa5.jpg'),(161,46,'coleccionista/Hot_Wheels_Collector_Vehiculo_de_Coleccion_Rally_Van_con_Trailer1.jpg'),(162,46,'coleccionista/Hot_Wheels_Collector_Vehiculo_de_Coleccion_Rally_Van_con_Trailer2.jpg'),(163,46,'coleccionista/Hot_Wheels_Collector_Vehiculo_de_Coleccion_Rally_Van_con_Trailer3.jpg'),(164,46,'coleccionista/Hot_Wheels_Collector_Vehiculo_de_Coleccion_Rally_Van_con_Trailer4.jpg'),(165,46,'coleccionista/Hot_Wheels_Collector_Vehiculo_de_Coleccion_Rally_Van_con_Trailer5.jpg'),(166,49,'control remoto/Hot_Wheels_Monster_Trucks_Vehiculo_a_Control_Remoto_Tiger_Shark_1151.jpg'),(167,49,'control remoto/Hot_Wheels_Monster_Trucks_Vehiculo_a_Control_Remoto_Tiger_Shark_1152.jpg'),(168,49,'control remoto/Hot_Wheels_Monster_Trucks_Vehiculo_a_Control_Remoto_Tiger_Shark_1153.jpg'),(169,49,'control remoto/Hot_Wheels_Monster_Trucks_Vehiculo_a_Control_Remoto_Tiger_Shark_1154.jpg'),(170,49,'control remoto/Hot_Wheels_Monster_Trucks_Vehiculo_a_Control_Remoto_Tiger_Shark_1155.jpg'),(171,50,'control remoto/Hot_Wheels_Monster_Trucks_Vehiculo_a_Control_Remoto_5-Alarm_1241.jpg'),(172,50,'control remoto/Hot_Wheels_Monster_Trucks_Vehiculo_a_Control_Remoto_5-Alarm_1242.jpg'),(173,50,'control remoto/Hot_Wheels_Monster_Trucks_Vehiculo_a_Control_Remoto_5-Alarm_1243.jpg'),(174,50,'control remoto/Hot_Wheels_Monster_Trucks_Vehiculo_a_Control_Remoto_5-Alarm_1244.jpg'),(175,51,'control remoto/Hot_Wheels_Vehiculo_a_Control_Remoto_Lighyear_Escala_1201.jpg'),(176,51,'control remoto/Hot_Wheels_Vehiculo_a_Control_Remoto_Lighyear_Escala_1202.jpg'),(177,51,'control remoto/Hot_Wheels_Vehiculo_a_Control_Remoto_Lighyear_Escala_1203.jpg'),(178,51,'control remoto/Hot_Wheels_Vehiculo_a_Control_Remoto_Lighyear_Escala_1204.jpg'),(179,51,'control remoto/Hot_Wheels_Vehiculo_a_Control_Remoto_Lighyear_Escala_1205.jpg'),(180,52,'control remoto/Hot_Wheels_Monster_Trucks_Vehiculo_a_Control_Remoto_Race_Ace_1241.jpg'),(181,52,'control remoto/Hot_Wheels_Monster_Trucks_Vehiculo_a_Control_Remoto_Race_Ace_1242.jpg'),(182,52,'control remoto/Hot_Wheels_Monster_Trucks_Vehiculo_a_Control_Remoto_Race_Ace_1243.jpg'),(183,52,'control remoto/Hot_Wheels_Monster_Trucks_Vehiculo_a_Control_Remoto_Race_Ace_1244.jpg'),(184,53,'control remoto/Hot_Wheels_Monster_Trucks_Vehiculo_a_Control_Remoto_Bone_Shaker_1151.jpg'),(185,53,'control remoto/Hot_Wheels_Monster_Trucks_Vehiculo_a_Control_Remoto_Bone_Shaker_1152.jpg'),(186,53,'control remoto/Hot_Wheels_Monster_Trucks_Vehiculo_a_Control_Remoto_Bone_Shaker_1153.jpg'),(187,53,'control remoto/Hot_Wheels_Monster_Trucks_Vehiculo_a_Control_Remoto_Bone_Shaker_1154.jpg'),(188,53,'control remoto/Hot_Wheels_Monster_Trucks_Vehiculo_a_Control_Remoto_Bone_Shaker_1155.jpg'),(189,54,'control remoto/Hot_Wheels_Monster_Trucks_Vehiculo_a_Control_Remoto_Demo_Derby_1241.jpg'),(190,54,'control remoto/Hot_Wheels_Monster_Trucks_Vehiculo_a_Control_Remoto_Demo_Derby_1242.jpg'),(191,54,'control remoto/Hot_Wheels_Monster_Trucks_Vehiculo_a_Control_Remoto_Demo_Derby_1243.jpg'),(192,54,'control remoto/Hot_Wheels_Monster_Trucks_Vehiculo_a_Control_Remoto_Demo_Derby_1244.jpg'),(193,54,'control remoto/Hot_Wheels_Monster_Trucks_Vehiculo_a_Control_Remoto_Demo_Derby_1245.jpg');
/*!40000 ALTER TABLE `producto_imagen` ENABLE KEYS */;
UNLOCK TABLES;

--
-- Table structure for table `rol`
--

DROP TABLE IF EXISTS `rol`;
/*!40101 SET @saved_cs_client     = @@character_set_client */;
/*!50503 SET character_set_client = utf8mb4 */;
CREATE TABLE `rol` (
  `id_rol` int NOT NULL AUTO_INCREMENT,
  `rol` varchar(50) NOT NULL,
  PRIMARY KEY (`id_rol`)
) ENGINE=InnoDB AUTO_INCREMENT=3 DEFAULT CHARSET=utf8mb4 COLLATE=utf8mb4_0900_ai_ci;
/*!40101 SET character_set_client = @saved_cs_client */;

--
-- Dumping data for table `rol`
--

LOCK TABLES `rol` WRITE;
/*!40000 ALTER TABLE `rol` DISABLE KEYS */;
INSERT INTO `rol` VALUES (1,'ADMINISTRADOR'),(2,'CLIENTE');
/*!40000 ALTER TABLE `rol` ENABLE KEYS */;
UNLOCK TABLES;

--
-- Table structure for table `rol_privilegio`
--

DROP TABLE IF EXISTS `rol_privilegio`;
/*!40101 SET @saved_cs_client     = @@character_set_client */;
/*!50503 SET character_set_client = utf8mb4 */;
CREATE TABLE `rol_privilegio` (
  `id_rol` int NOT NULL,
  `id_privilegio` int NOT NULL,
  PRIMARY KEY (`id_privilegio`,`id_rol`)
) ENGINE=InnoDB DEFAULT CHARSET=utf8mb4 COLLATE=utf8mb4_0900_ai_ci;
/*!40101 SET character_set_client = @saved_cs_client */;

--
-- Dumping data for table `rol_privilegio`
--

LOCK TABLES `rol_privilegio` WRITE;
/*!40000 ALTER TABLE `rol_privilegio` DISABLE KEYS */;
/*!40000 ALTER TABLE `rol_privilegio` ENABLE KEYS */;
UNLOCK TABLES;

--
-- Table structure for table `rol_usuario`
--

DROP TABLE IF EXISTS `rol_usuario`;
/*!40101 SET @saved_cs_client     = @@character_set_client */;
/*!50503 SET character_set_client = utf8mb4 */;
CREATE TABLE `rol_usuario` (
  `id_rol` int NOT NULL,
  `id_usuario` int NOT NULL,
  PRIMARY KEY (`id_usuario`,`id_rol`)
) ENGINE=InnoDB DEFAULT CHARSET=utf8mb4 COLLATE=utf8mb4_0900_ai_ci;
/*!40101 SET character_set_client = @saved_cs_client */;

--
-- Dumping data for table `rol_usuario`
--

LOCK TABLES `rol_usuario` WRITE;
/*!40000 ALTER TABLE `rol_usuario` DISABLE KEYS */;
INSERT INTO `rol_usuario` VALUES (1,1),(2,1),(2,2),(2,3),(2,4),(2,8),(2,11),(2,12),(2,17),(2,18),(2,20),(2,21),(2,23),(2,24),(2,25),(2,26),(2,27);
/*!40000 ALTER TABLE `rol_usuario` ENABLE KEYS */;
UNLOCK TABLES;

--
-- Table structure for table `tarjeta`
--

DROP TABLE IF EXISTS `tarjeta`;
/*!40101 SET @saved_cs_client     = @@character_set_client */;
/*!50503 SET character_set_client = utf8mb4 */;
CREATE TABLE `tarjeta` (
  `id_tarjeta` int NOT NULL AUTO_INCREMENT,
  `id_usuario` int NOT NULL,
  `no_tarjeta` varchar(16) NOT NULL,
  `vencimiento` varchar(5) NOT NULL,
  PRIMARY KEY (`id_tarjeta`)
) ENGINE=InnoDB AUTO_INCREMENT=6 DEFAULT CHARSET=utf8mb4 COLLATE=utf8mb4_0900_ai_ci;
/*!40101 SET character_set_client = @saved_cs_client */;

--
-- Dumping data for table `tarjeta`
--

LOCK TABLES `tarjeta` WRITE;
/*!40000 ALTER TABLE `tarjeta` DISABLE KEYS */;
INSERT INTO `tarjeta` VALUES (1,1,'8745123620987456','05/26'),(2,1,'5312897467894321','02/28'),(3,1,'111222333','09/23');
/*!40000 ALTER TABLE `tarjeta` ENABLE KEYS */;
UNLOCK TABLES;

--
-- Table structure for table `usuario`
--

DROP TABLE IF EXISTS `usuario`;
/*!40101 SET @saved_cs_client     = @@character_set_client */;
/*!50503 SET character_set_client = utf8mb4 */;
CREATE TABLE `usuario` (
  `id_usuario` int NOT NULL AUTO_INCREMENT,
  `nombre` varchar(100) NOT NULL,
  `primer_apellido` varchar(100) NOT NULL,
  `segundo_apellido` varchar(100) DEFAULT NULL,
  `correo` varchar(100) NOT NULL,
  `password` varchar(100) DEFAULT NULL,
  `telefono` varchar(10) DEFAULT NULL,
  PRIMARY KEY (`id_usuario`),
  UNIQUE KEY `correo` (`correo`)
) ENGINE=InnoDB AUTO_INCREMENT=28 DEFAULT CHARSET=utf8mb4 COLLATE=utf8mb4_0900_ai_ci;
/*!40101 SET character_set_client = @saved_cs_client */;

--
-- Dumping data for table `usuario`
--

LOCK TABLES `usuario` WRITE;
/*!40000 ALTER TABLE `usuario` DISABLE KEYS */;
INSERT INTO `usuario` VALUES (1,'Andres','Roque','Rangel','andres@gmail.com','$2a$10$WaIiHQEh9/tRt3L.9fl.dOOv1NtSngki7ZApfRQDOg.dwbTqENrmq','1234567891'),(10,'Pedro','Paramo','Segundo','pedro@gmail.com','$2a$10$1/qD3XxLuNr9adJs2EWapuaQFbH9FfkJSeekGPgm/fnhkv8nvAnKu','1234567891');
/*!40000 ALTER TABLE `usuario` ENABLE KEYS */;
UNLOCK TABLES;

--
-- Table structure for table `venta`
--

DROP TABLE IF EXISTS `venta`;
/*!40101 SET @saved_cs_client     = @@character_set_client */;
/*!50503 SET character_set_client = utf8mb4 */;
CREATE TABLE `venta` (
  `id_venta` int NOT NULL AUTO_INCREMENT,
  `id_usuario` int NOT NULL,
  `id_metodoPago` int NOT NULL,
  `id_estatus` int NOT NULL,
  `monto` decimal(20,2) NOT NULL,
  `id_codigo` int DEFAULT NULL,
  `id_direccion` int DEFAULT NULL,
  `fecha` date DEFAULT NULL,
  PRIMARY KEY (`id_venta`)
) ENGINE=InnoDB AUTO_INCREMENT=48 DEFAULT CHARSET=utf8mb4 COLLATE=utf8mb4_0900_ai_ci;
/*!40101 SET character_set_client = @saved_cs_client */;

--
-- Dumping data for table `venta`
--

LOCK TABLES `venta` WRITE;
/*!40000 ALTER TABLE `venta` DISABLE KEYS */;
INSERT INTO `venta` VALUES (31,1,1,4,5842.00,1,1,'2023-10-14'),(42,1,1,1,5054.00,NULL,1,'2023-11-18'),(43,1,1,3,2708.40,2,1,'2023-11-18'),(44,1,1,3,1707.20,3,1,'2023-11-18'),(45,1,1,1,2708.80,4,1,'2023-11-19'),(47,1,1,1,2397.00,NULL,1,'2023-11-26');
/*!40000 ALTER TABLE `venta` ENABLE KEYS */;
UNLOCK TABLES;

--
-- Table structure for table `venta_detalle`
--

DROP TABLE IF EXISTS `venta_detalle`;
/*!40101 SET @saved_cs_client     = @@character_set_client */;
/*!50503 SET character_set_client = utf8mb4 */;
CREATE TABLE `venta_detalle` (
  `id_venta` int NOT NULL,
  `id_producto` int NOT NULL,
  `cantidad` int DEFAULT NULL,
  `precio` decimal(10,2) DEFAULT NULL,
  `subtotal` decimal(10,2) DEFAULT NULL,
  PRIMARY KEY (`id_venta`,`id_producto`)
) ENGINE=InnoDB DEFAULT CHARSET=utf8mb4 COLLATE=utf8mb4_0900_ai_ci;
/*!40101 SET character_set_client = @saved_cs_client */;

--
-- Dumping data for table `venta_detalle`
--

LOCK TABLES `venta_detalle` WRITE;
/*!40000 ALTER TABLE `venta_detalle` DISABLE KEYS */;
INSERT INTO `venta_detalle` VALUES (31,1,1,1799.00,1799.00),(31,3,2,699.00,1398.00),(31,4,5,529.00,2645.00),(42,4,2,529.00,1058.00),(42,22,4,999.00,3996.00),(43,23,2,1079.40,2158.80),(43,25,4,137.40,549.60),(44,4,2,423.20,846.40),(44,10,4,215.20,860.80),(45,1,1,1439.20,1439.20),(45,5,3,423.20,1269.60),(47,2,3,799.00,2397.00);
/*!40000 ALTER TABLE `venta_detalle` ENABLE KEYS */;
UNLOCK TABLES;
/*!40103 SET TIME_ZONE=@OLD_TIME_ZONE */;

/*!40101 SET SQL_MODE=@OLD_SQL_MODE */;
/*!40014 SET FOREIGN_KEY_CHECKS=@OLD_FOREIGN_KEY_CHECKS */;
/*!40014 SET UNIQUE_CHECKS=@OLD_UNIQUE_CHECKS */;
/*!40101 SET CHARACTER_SET_CLIENT=@OLD_CHARACTER_SET_CLIENT */;
/*!40101 SET CHARACTER_SET_RESULTS=@OLD_CHARACTER_SET_RESULTS */;
/*!40101 SET COLLATION_CONNECTION=@OLD_COLLATION_CONNECTION */;
/*!40111 SET SQL_NOTES=@OLD_SQL_NOTES */;

-- Dump completed on 2023-12-03 19:37:32
